timestamp,source_ip,destination_ip,port,protocol,payload_size,flag,anomaly
2023-11-07T01:39:40.346800,33.241.8.14,19.106.48.49,2069,UDP,544,FIN,True
2023-11-07T01:39:40.346858,40.202.25.176,104.14.139.187,59937,TCP,569,FIN,False
2023-11-07T01:39:40.346881,144.107.86.191,206.37.204.155,8601,TCP,899,FIN,True
2023-11-07T01:39:40.346901,179.179.197.107,6.72.124.114,39278,ICMP,265,RST,True
2023-11-07T01:39:40.346919,102.98.253.32,46.4.207.45,42452,ICMP,131,RST,False
2023-11-07T01:39:40.346937,70.175.31.131,58.188.247.186,58656,TCP,1372,FIN,False
2023-11-07T01:39:40.346953,240.236.148.189,79.191.73.219,26169,UDP,150,RST,True
2023-11-07T01:39:40.346971,249.71.164.175,25.91.215.192,42469,UDP,360,RST,True
2023-11-07T01:39:40.346991,162.32.206.207,109.38.104.138,59637,UDP,1166,ACK,True
2023-11-07T01:39:40.347008,149.13.101.233,180.84.197.159,62180,TCP,1146,RST,False
2023-11-07T01:39:40.347023,77.169.46.103,205.168.148.153,41789,UDP,1086,FIN,False
2023-11-07T01:39:40.347038,210.135.44.119,196.109.85.37,17008,ICMP,899,ACK,False
2023-11-07T01:39:40.347052,94.227.75.1,75.228.109.160,44798,TCP,1313,SYN,True
2023-11-07T01:39:40.347066,224.24.158.14,37.146.225.158,15577,UDP,567,SYN,True
2023-11-07T01:39:40.347081,128.190.146.26,224.69.212.172,45227,TCP,1332,RST,True
2023-11-07T01:39:40.347095,201.106.22.151,251.186.241.115,28042,TCP,365,ACK,True
2023-11-07T01:39:40.347110,48.217.132.20,241.101.6.184,41226,UDP,539,FIN,False
2023-11-07T01:39:40.347125,5.245.163.137,30.101.34.117,21753,TCP,777,ACK,True
2023-11-07T01:39:40.347140,209.125.123.229,183.171.190.203,53301,UDP,1352,ACK,True
2023-11-07T01:39:40.347154,114.129.151.229,128.163.28.109,3205,UDP,979,RST,False
2023-11-07T01:39:40.347169,226.32.174.160,197.19.240.198,38695,UDP,724,RST,True
2023-11-07T01:39:40.347183,22.140.10.228,251.254.73.20,15723,TCP,215,RST,True
2023-11-07T01:39:40.347197,78.22.22.218,144.162.221.51,57999,TCP,1496,RST,False
2023-11-07T01:39:40.347213,72.56.94.22,121.183.178.195,58116,TCP,582,RST,False
2023-11-07T01:39:40.347231,235.254.185.146,139.205.167.191,63135,TCP,457,SYN,True
2023-11-07T01:39:40.347248,164.98.225.73,81.155.102.158,13788,TCP,1495,RST,True
2023-11-07T01:39:40.347263,124.207.100.222,171.236.250.120,14005,ICMP,108,RST,False
2023-11-07T01:39:40.347279,96.157.244.142,11.37.189.103,8002,TCP,345,SYN,True
2023-11-07T01:39:40.347294,89.113.51.211,235.145.96.93,18992,UDP,815,RST,True
2023-11-07T01:39:40.347309,75.148.17.202,106.241.84.225,42499,TCP,497,FIN,False
2023-11-07T01:39:40.347323,12.45.96.248,102.204.112.50,42755,UDP,471,RST,True
2023-11-07T01:39:40.347339,193.6.4.176,6.245.12.75,38009,ICMP,1494,RST,False
2023-11-07T01:39:40.347354,227.188.227.148,77.94.4.114,30827,TCP,1163,RST,True
2023-11-07T01:39:40.347369,1.238.166.174,147.4.153.160,54414,UDP,546,FIN,False
2023-11-07T01:39:40.347384,230.132.113.108,163.2.249.43,33354,UDP,563,SYN,False
2023-11-07T01:39:40.347398,250.142.180.60,15.125.153.60,35421,ICMP,1405,RST,True
2023-11-07T01:39:40.347415,146.127.239.59,114.93.67.247,64653,TCP,970,FIN,False
2023-11-07T01:39:40.347430,222.42.115.226,161.231.204.201,12937,ICMP,400,RST,False
2023-11-07T01:39:40.347444,234.18.114.120,117.111.158.153,33533,ICMP,1101,SYN,True
2023-11-07T01:39:40.347459,66.217.136.171,8.13.10.178,19384,ICMP,310,FIN,True
2023-11-07T01:39:40.347473,27.181.124.63,131.142.21.172,28125,TCP,815,FIN,False
2023-11-07T01:39:40.347491,225.71.68.21,112.35.154.94,9723,UDP,1413,ACK,True
2023-11-07T01:39:40.347506,217.111.118.118,219.167.2.69,54223,ICMP,512,FIN,True
2023-11-07T01:39:40.347522,129.47.96.250,130.228.35.135,46497,UDP,85,FIN,True
2023-11-07T01:39:40.347537,26.230.179.208,208.144.165.169,51532,TCP,1084,RST,False
2023-11-07T01:39:40.347551,115.191.235.110,142.114.22.6,33529,UDP,659,ACK,True
2023-11-07T01:39:40.347565,221.47.46.176,206.101.108.73,31986,TCP,1320,SYN,True
2023-11-07T01:39:40.347580,152.196.126.188,231.187.241.132,24230,UDP,1277,RST,True
2023-11-07T01:39:40.347594,116.192.94.239,11.50.128.7,39585,ICMP,1199,ACK,True
2023-11-07T01:39:40.347609,145.154.157.245,181.74.221.124,49884,ICMP,1088,SYN,True
2023-11-07T01:39:40.347623,224.30.8.111,81.136.219.239,38980,ICMP,75,ACK,True
2023-11-07T01:39:40.347638,234.213.186.120,140.86.140.64,49104,TCP,1049,SYN,False
2023-11-07T01:39:40.347654,49.255.12.198,187.186.137.160,9204,ICMP,746,SYN,False
2023-11-07T01:39:40.347669,171.96.223.241,185.178.0.223,48093,UDP,882,ACK,False
2023-11-07T01:39:40.347683,232.242.181.251,38.75.28.11,32787,TCP,1049,RST,True
2023-11-07T01:39:40.347698,36.244.220.237,229.135.63.32,55355,UDP,191,FIN,True
2023-11-07T01:39:40.347712,1.137.66.240,70.25.252.213,33171,ICMP,1077,FIN,True
2023-11-07T01:39:40.347727,210.231.2.18,9.243.111.119,27573,TCP,969,ACK,True
2023-11-07T01:39:40.347742,121.217.181.24,76.108.95.54,59265,UDP,854,ACK,True
2023-11-07T01:39:40.347756,227.170.146.132,140.92.37.73,31874,ICMP,652,RST,True
2023-11-07T01:39:40.347770,184.35.231.86,177.216.109.212,40017,TCP,1403,FIN,False
2023-11-07T01:39:40.347785,126.164.121.108,148.219.192.90,42018,UDP,868,FIN,False
2023-11-07T01:39:40.347802,214.59.142.203,74.142.136.56,29340,TCP,1484,RST,True
2023-11-07T01:39:40.347821,191.254.1.153,167.107.184.118,14538,ICMP,1273,SYN,True
2023-11-07T01:39:40.347836,44.48.135.144,189.94.1.16,60086,TCP,241,ACK,False
2023-11-07T01:39:40.347852,165.2.193.1,167.13.222.30,32908,ICMP,1128,SYN,False
2023-11-07T01:39:40.347867,22.150.157.220,162.237.185.217,12026,ICMP,1274,FIN,True
2023-11-07T01:39:40.347881,0.6.254.213,103.132.29.161,44722,UDP,348,RST,True
2023-11-07T01:39:40.347896,42.234.107.17,196.142.109.201,19246,UDP,979,RST,True
2023-11-07T01:39:40.347911,70.27.121.218,20.52.234.234,35320,UDP,1055,RST,False
2023-11-07T01:39:40.347925,218.103.37.231,51.152.67.77,45661,TCP,708,FIN,True
2023-11-07T01:39:40.347940,226.140.157.222,84.142.16.176,64510,UDP,569,FIN,True
2023-11-07T01:39:40.347955,180.30.12.224,81.254.248.104,2489,UDP,782,SYN,True
2023-11-07T01:39:40.347970,107.27.54.120,171.85.69.70,4494,UDP,600,FIN,True
2023-11-07T01:39:40.347985,119.39.232.96,253.150.152.78,19525,TCP,958,RST,True
2023-11-07T01:39:40.348000,196.235.48.80,29.99.148.207,57792,TCP,1104,FIN,False
2023-11-07T01:39:40.348014,63.124.197.244,114.224.103.170,64791,ICMP,330,FIN,True
2023-11-07T01:39:40.348030,169.48.212.38,127.163.124.60,62957,UDP,1070,SYN,True
2023-11-07T01:39:40.348044,113.149.162.149,179.28.111.95,10226,TCP,965,FIN,True
2023-11-07T01:39:40.348063,96.222.183.8,165.155.105.238,33218,TCP,1117,RST,True
2023-11-07T01:39:40.348077,7.190.177.142,161.192.122.65,25634,ICMP,1045,RST,True
2023-11-07T01:39:40.348092,128.110.25.200,134.178.113.1,22723,UDP,938,RST,False
2023-11-07T01:39:40.348108,238.148.63.105,41.114.221.66,14376,ICMP,576,SYN,True
2023-11-07T01:39:40.348125,210.206.211.113,191.218.105.28,51752,UDP,805,SYN,True
2023-11-07T01:39:40.348139,176.111.191.193,53.202.24.83,45193,UDP,590,SYN,True
2023-11-07T01:39:40.348154,2.106.228.145,114.66.247.87,54505,TCP,344,SYN,False
2023-11-07T01:39:40.348169,56.249.45.75,144.223.122.223,23855,UDP,1264,FIN,False
2023-11-07T01:39:40.348183,70.253.44.84,230.77.58.33,33360,ICMP,994,RST,True
2023-11-07T01:39:40.348197,76.183.236.31,98.1.234.193,51177,ICMP,230,ACK,False
2023-11-07T01:39:40.348212,192.71.214.40,3.183.200.15,18241,TCP,194,RST,False
2023-11-07T01:39:40.348227,190.9.13.15,199.187.226.188,65454,ICMP,188,SYN,False
2023-11-07T01:39:40.348241,4.162.29.179,62.97.36.31,36665,UDP,1414,FIN,False
2023-11-07T01:39:40.348256,207.83.162.91,192.243.191.63,28308,UDP,687,ACK,False
2023-11-07T01:39:40.348271,208.210.17.154,23.207.22.98,51232,UDP,1140,RST,True
2023-11-07T01:39:40.348286,30.13.244.194,253.30.35.148,22934,TCP,1230,SYN,True
2023-11-07T01:39:40.348301,233.116.108.120,12.179.107.156,9652,TCP,1045,SYN,False
2023-11-07T01:39:40.348315,127.76.126.234,238.93.28.32,43023,TCP,337,RST,True
2023-11-07T01:39:40.348330,120.24.88.236,113.113.161.130,63371,ICMP,1396,FIN,False
2023-11-07T01:39:40.348344,118.128.129.200,232.153.96.171,11216,ICMP,1243,RST,False
2023-11-07T01:39:40.348359,28.99.24.9,25.46.4.84,31138,UDP,711,ACK,False
2023-11-07T01:39:40.348373,39.210.49.222,18.168.230.61,31878,TCP,658,RST,False
2023-11-07T01:39:40.348387,94.118.254.231,184.243.136.203,59147,UDP,1124,RST,True
2023-11-07T01:39:40.348404,30.236.21.76,66.89.166.200,6525,TCP,1446,ACK,True
2023-11-07T01:39:40.348421,144.1.105.129,94.228.182.216,39341,TCP,157,SYN,False
2023-11-07T01:39:40.348437,59.117.176.34,254.187.140.54,64799,TCP,75,SYN,False
2023-11-07T01:39:40.348455,1.159.109.67,83.157.114.145,26789,UDP,684,SYN,True
2023-11-07T01:39:40.348470,188.175.33.87,106.63.225.93,4049,ICMP,1372,RST,False
2023-11-07T01:39:40.348520,226.18.72.196,6.72.105.194,65520,ICMP,1038,RST,True
2023-11-07T01:39:40.348539,140.226.59.158,230.233.30.47,4109,ICMP,400,RST,False
2023-11-07T01:39:40.348555,30.204.211.3,81.86.163.144,59388,ICMP,1300,RST,True
2023-11-07T01:39:40.348569,118.80.0.149,82.231.118.12,27928,UDP,1223,SYN,True
2023-11-07T01:39:40.348584,21.189.223.167,111.209.189.112,36417,UDP,574,RST,True
2023-11-07T01:39:40.348598,236.255.52.13,244.48.75.73,11753,TCP,711,FIN,True
2023-11-07T01:39:40.348612,23.102.78.166,228.162.71.13,17938,UDP,1011,RST,True
2023-11-07T01:39:40.348627,15.125.101.228,34.244.118.85,7191,UDP,1083,RST,True
2023-11-07T01:39:40.348642,254.231.229.250,243.206.183.10,56513,UDP,521,ACK,True
2023-11-07T01:39:40.348656,163.85.237.247,102.154.145.132,46067,TCP,1423,FIN,True
2023-11-07T01:39:40.348671,165.123.37.57,200.199.174.14,32922,ICMP,1359,RST,False
2023-11-07T01:39:40.348685,229.41.201.122,153.173.91.128,62466,TCP,852,RST,False
2023-11-07T01:39:40.348699,155.61.133.50,104.210.44.150,61234,TCP,1112,RST,False
2023-11-07T01:39:40.348714,255.41.171.163,123.60.97.82,38212,UDP,1217,RST,True
2023-11-07T01:39:40.348732,156.92.65.253,208.100.227.229,1198,ICMP,136,SYN,True
2023-11-07T01:39:40.348747,37.61.235.43,56.148.40.66,65022,TCP,428,FIN,False
2023-11-07T01:39:40.348762,67.211.119.15,243.178.13.168,36168,TCP,541,RST,False
2023-11-07T01:39:40.348777,200.129.123.138,195.100.126.155,38671,TCP,462,RST,False
2023-11-07T01:39:40.348791,30.114.221.61,222.107.70.48,42151,TCP,848,FIN,True
2023-11-07T01:39:40.348807,42.27.142.105,2.102.7.36,42000,UDP,197,ACK,True
2023-11-07T01:39:40.348822,143.25.147.217,11.26.25.30,5958,TCP,1043,RST,True
2023-11-07T01:39:40.348837,26.142.74.139,65.44.40.171,34539,ICMP,545,ACK,False
2023-11-07T01:39:40.348852,10.48.250.25,152.168.186.189,28934,ICMP,1244,ACK,False
2023-11-07T01:39:40.348866,123.33.152.235,212.149.23.100,7704,ICMP,1355,RST,True
2023-11-07T01:39:40.348886,81.233.153.53,11.109.134.8,23530,UDP,270,SYN,False
2023-11-07T01:39:40.348902,61.249.53.132,109.79.65.246,55922,UDP,528,RST,False
2023-11-07T01:39:40.348916,191.28.127.31,162.68.65.198,63245,TCP,548,ACK,True
2023-11-07T01:39:40.348931,108.136.141.152,84.59.93.211,42690,UDP,431,FIN,True
2023-11-07T01:39:40.348946,236.11.190.137,255.40.182.173,45822,ICMP,373,FIN,True
2023-11-07T01:39:40.348960,88.195.92.210,22.167.212.203,27525,TCP,1050,RST,True
2023-11-07T01:39:40.348975,149.114.237.116,74.237.178.41,12696,TCP,709,SYN,True
2023-11-07T01:39:40.348989,132.6.98.135,58.137.235.108,14280,UDP,1011,ACK,True
2023-11-07T01:39:40.349004,0.25.94.44,162.3.206.53,49223,ICMP,1385,RST,True
2023-11-07T01:39:40.349019,122.230.52.226,241.236.44.55,10936,UDP,500,RST,True
2023-11-07T01:39:40.349036,248.255.162.71,154.21.40.5,3831,ICMP,355,RST,True
2023-11-07T01:39:40.349051,105.194.126.183,10.155.97.241,37883,ICMP,1464,FIN,False
2023-11-07T01:39:40.349066,150.169.188.227,12.211.88.200,48946,TCP,586,SYN,True
2023-11-07T01:39:40.349080,242.194.162.20,229.215.255.96,29544,TCP,679,SYN,True
2023-11-07T01:39:40.349095,155.97.87.250,61.215.201.226,48185,TCP,1007,ACK,True
2023-11-07T01:39:40.349110,220.167.121.157,239.30.30.203,41603,ICMP,153,SYN,True
2023-11-07T01:39:40.349127,148.177.176.213,238.211.135.132,42755,TCP,1147,SYN,False
2023-11-07T01:39:40.349141,242.198.97.204,200.255.165.96,49657,ICMP,627,RST,False
2023-11-07T01:39:40.349156,194.37.192.49,221.103.119.175,18681,ICMP,1490,ACK,False
2023-11-07T01:39:40.349170,217.129.199.117,172.239.182.76,33219,UDP,1234,SYN,True
2023-11-07T01:39:40.349185,168.241.168.215,33.231.226.230,59270,TCP,1079,ACK,True
2023-11-07T01:39:40.349200,63.101.69.254,28.3.0.41,59356,UDP,381,SYN,True
2023-11-07T01:39:40.349215,111.30.129.161,55.236.175.109,29549,UDP,1223,RST,False
2023-11-07T01:39:40.349229,27.90.211.141,12.106.68.106,49360,UDP,437,ACK,False
2023-11-07T01:39:40.349244,163.127.210.21,229.4.85.136,46903,UDP,1282,SYN,True
2023-11-07T01:39:40.349260,152.79.92.22,238.27.113.75,50175,ICMP,401,RST,False
2023-11-07T01:39:40.349274,122.7.7.76,88.6.72.129,54628,ICMP,1064,FIN,False
2023-11-07T01:39:40.349289,23.42.146.138,6.118.228.1,34983,UDP,551,SYN,False
2023-11-07T01:39:40.349304,67.27.142.240,142.58.163.183,57563,ICMP,380,RST,False
2023-11-07T01:39:40.349321,31.25.0.223,182.163.68.67,55630,ICMP,1267,ACK,False
2023-11-07T01:39:40.349336,93.221.40.135,87.133.10.248,36279,TCP,361,ACK,False
2023-11-07T01:39:40.349351,51.228.158.207,85.87.45.52,24625,ICMP,909,SYN,True
2023-11-07T01:39:40.349366,52.130.59.180,11.211.5.163,59383,UDP,1446,RST,True
2023-11-07T01:39:40.349380,230.204.99.73,111.145.155.0,52124,TCP,895,RST,False
2023-11-07T01:39:40.349395,97.9.167.40,148.252.244.165,37189,ICMP,516,ACK,True
2023-11-07T01:39:40.349409,172.37.114.65,124.254.22.202,43178,ICMP,1251,SYN,True
2023-11-07T01:39:40.349424,240.14.207.180,172.3.173.157,41881,ICMP,154,ACK,True
2023-11-07T01:39:40.349441,164.57.78.157,66.96.160.228,58152,UDP,465,SYN,False
2023-11-07T01:39:40.349456,84.47.42.129,161.203.194.231,59834,TCP,642,SYN,True
2023-11-07T01:39:40.349473,57.148.61.155,140.224.30.135,62681,UDP,381,RST,True
2023-11-07T01:39:40.349489,99.143.205.219,59.253.14.163,6145,TCP,1405,RST,True
2023-11-07T01:39:40.349504,228.227.59.202,84.69.224.92,22312,TCP,1194,RST,True
2023-11-07T01:39:40.349519,52.54.148.159,76.134.187.91,47889,ICMP,278,SYN,True
2023-11-07T01:39:40.349534,51.29.102.64,87.82.133.218,9644,TCP,253,SYN,False
2023-11-07T01:39:40.349549,80.106.33.24,146.148.56.201,7420,ICMP,1201,SYN,True
2023-11-07T01:39:40.349563,6.231.4.43,231.158.20.95,44648,ICMP,1356,RST,True
2023-11-07T01:39:40.349577,52.182.37.52,128.199.97.61,9325,TCP,173,RST,True
2023-11-07T01:39:40.349592,89.6.216.18,167.35.100.91,58967,UDP,906,FIN,True
2023-11-07T01:39:40.349606,234.57.33.23,80.170.91.114,35859,TCP,762,RST,False
2023-11-07T01:39:40.349622,175.219.82.44,233.46.161.168,41179,ICMP,1057,FIN,False
2023-11-07T01:39:40.349639,214.82.70.214,11.65.102.160,35959,UDP,189,SYN,True
2023-11-07T01:39:40.349654,139.164.72.144,136.69.204.24,9070,ICMP,293,SYN,True
2023-11-07T01:39:40.349669,80.218.228.12,79.33.138.110,45553,ICMP,551,ACK,True
2023-11-07T01:39:40.349684,70.193.121.207,100.196.109.11,31572,TCP,533,RST,False
2023-11-07T01:39:40.349699,168.168.153.35,169.20.61.61,3228,TCP,832,FIN,False
2023-11-07T01:39:40.349713,58.102.88.250,124.144.178.241,36287,ICMP,296,ACK,False
2023-11-07T01:39:40.349728,238.231.216.242,230.128.125.95,2207,ICMP,1177,ACK,True
2023-11-07T01:39:40.349742,236.233.240.122,222.206.167.220,14674,UDP,1019,RST,False
2023-11-07T01:39:40.349756,102.62.162.134,173.87.68.20,59639,UDP,1087,RST,False
2023-11-07T01:39:40.349772,233.24.19.207,229.74.247.253,44787,ICMP,1348,ACK,False
2023-11-07T01:39:40.349787,45.81.63.146,225.164.3.120,35517,TCP,718,FIN,True
2023-11-07T01:39:40.349801,24.195.81.86,178.74.235.125,19196,ICMP,1485,SYN,False
2023-11-07T01:39:40.349816,10.140.119.83,21.64.156.111,1655,UDP,296,RST,True
2023-11-07T01:39:40.349830,177.227.177.141,154.6.162.230,14269,TCP,1441,ACK,True
2023-11-07T01:39:40.349844,242.148.32.94,135.189.96.179,65480,TCP,728,ACK,False
2023-11-07T01:39:40.349858,90.36.126.163,105.64.12.216,53473,ICMP,1423,SYN,False
2023-11-07T01:39:40.349872,252.135.182.90,151.255.198.83,37951,TCP,749,SYN,False
2023-11-07T01:39:40.349887,189.94.76.241,63.85.94.46,24942,TCP,751,RST,True
2023-11-07T01:39:40.349903,156.130.57.46,149.179.114.247,28950,TCP,667,RST,False
2023-11-07T01:39:40.349918,169.153.7.187,94.19.31.249,22089,TCP,729,FIN,False
2023-11-07T01:39:40.349933,108.24.220.24,253.197.218.162,6134,UDP,1161,ACK,False
2023-11-07T01:39:40.349947,46.61.138.123,47.162.225.156,43982,TCP,720,FIN,True
2023-11-07T01:39:40.349962,202.88.80.155,246.102.104.142,63500,UDP,237,RST,True
2023-11-07T01:39:40.349977,206.106.218.111,238.119.50.7,31834,UDP,1345,FIN,True
2023-11-07T01:39:40.349991,147.230.6.108,69.182.171.45,37899,TCP,983,SYN,True
2023-11-07T01:39:40.350005,226.200.130.137,36.140.56.225,26824,TCP,803,SYN,False
2023-11-07T01:39:40.350019,98.107.238.74,188.73.152.183,3737,ICMP,1495,FIN,True
2023-11-07T01:39:40.350034,124.71.207.105,83.78.97.9,62108,ICMP,862,FIN,False
2023-11-07T01:39:40.350049,236.149.191.138,57.31.238.148,19513,TCP,1453,SYN,True
2023-11-07T01:39:40.350063,82.212.132.131,115.152.0.29,61594,UDP,1408,ACK,False
2023-11-07T01:39:40.350080,84.88.208.12,195.118.57.74,14523,ICMP,149,ACK,False
2023-11-07T01:39:40.350095,104.54.9.202,188.85.107.170,59510,TCP,719,SYN,True
2023-11-07T01:39:40.350110,67.205.184.141,40.198.85.245,49175,ICMP,1051,ACK,True
2023-11-07T01:39:40.350124,24.135.37.122,247.233.160.86,38130,TCP,158,SYN,False
2023-11-07T01:39:40.350139,243.206.161.33,36.57.24.252,47033,UDP,986,RST,False
2023-11-07T01:39:40.350153,33.195.204.214,228.27.187.196,45536,TCP,775,SYN,True
2023-11-07T01:39:40.350169,124.70.133.155,168.130.77.96,39072,TCP,340,FIN,False
2023-11-07T01:39:40.350183,240.97.139.101,59.191.234.47,15546,TCP,822,SYN,True
2023-11-07T01:39:40.350200,38.122.222.179,63.112.94.139,1911,ICMP,634,SYN,False
2023-11-07T01:39:40.350215,97.246.179.50,91.183.29.60,42862,TCP,1021,ACK,False
2023-11-07T01:39:40.350230,155.165.143.203,252.91.201.210,52030,ICMP,296,ACK,True
2023-11-07T01:39:40.350244,241.79.177.101,158.149.75.123,63381,UDP,706,SYN,True
2023-11-07T01:39:40.350259,206.210.168.79,174.55.67.88,55716,UDP,225,RST,False
2023-11-07T01:39:40.350274,117.89.170.244,225.8.98.246,1373,UDP,440,SYN,True
2023-11-07T01:39:40.350289,138.116.31.0,183.58.54.150,5381,UDP,936,FIN,True
2023-11-07T01:39:40.350304,233.235.190.35,190.240.146.211,29229,TCP,766,RST,False
2023-11-07T01:39:40.350319,4.63.193.193,237.17.255.213,39112,TCP,1281,FIN,True
2023-11-07T01:39:40.350333,124.169.191.248,125.38.222.161,34725,UDP,1426,RST,False
2023-11-07T01:39:40.350348,197.215.179.169,245.230.7.243,52243,ICMP,516,FIN,False
2023-11-07T01:39:40.350362,78.158.134.37,5.74.94.149,33401,ICMP,1134,SYN,False
2023-11-07T01:39:40.350377,100.85.216.217,9.50.208.221,44176,TCP,1383,RST,True
2023-11-07T01:39:40.350397,33.196.162.159,81.89.108.216,57577,TCP,720,SYN,False
2023-11-07T01:39:40.350412,189.212.177.68,123.139.102.180,65014,TCP,876,RST,False
2023-11-07T01:39:40.350428,26.225.184.52,207.109.151.200,4790,ICMP,554,ACK,False
2023-11-07T01:39:40.350443,105.128.14.187,218.104.61.188,17850,UDP,1404,FIN,False
2023-11-07T01:39:40.350458,64.23.164.65,96.171.210.85,51935,UDP,203,FIN,True
2023-11-07T01:39:40.350476,51.169.174.172,166.94.53.100,48239,TCP,1261,ACK,False
2023-11-07T01:39:40.350494,73.148.157.103,74.26.32.182,49100,TCP,1073,RST,False
2023-11-07T01:39:40.350509,37.119.24.202,150.161.127.252,15647,ICMP,965,RST,False
2023-11-07T01:39:40.350524,145.67.19.219,85.124.155.164,63150,ICMP,995,SYN,True
2023-11-07T01:39:40.350538,201.39.93.52,217.86.200.250,41455,UDP,854,ACK,False
2023-11-07T01:39:40.350552,59.247.58.73,96.82.114.41,16534,TCP,773,FIN,True
2023-11-07T01:39:40.350567,193.59.139.114,1.98.53.13,47451,UDP,1387,FIN,False
2023-11-07T01:39:40.350582,90.98.115.25,49.2.20.53,16895,TCP,259,ACK,False
2023-11-07T01:39:40.350596,117.214.159.189,51.51.12.37,35441,UDP,602,RST,True
2023-11-07T01:39:40.350610,210.170.73.111,219.1.153.210,46484,UDP,456,ACK,True
2023-11-07T01:39:40.350625,198.49.5.189,181.67.94.170,49867,ICMP,582,RST,True
2023-11-07T01:39:40.350639,137.237.250.220,72.108.9.234,25394,ICMP,1245,RST,False
2023-11-07T01:39:40.350654,101.65.184.68,42.42.247.33,49262,TCP,615,ACK,True
2023-11-07T01:39:40.350669,184.53.134.53,9.175.74.142,30229,UDP,1224,SYN,False
2023-11-07T01:39:40.350684,208.221.95.242,14.205.239.219,31818,ICMP,505,RST,False
2023-11-07T01:39:40.350699,54.123.60.162,171.164.224.80,55313,TCP,1475,FIN,True
2023-11-07T01:39:40.350717,58.110.213.207,21.105.210.134,24536,TCP,849,ACK,True
2023-11-07T01:39:40.350733,27.74.236.218,1.189.98.70,39885,UDP,346,ACK,False
2023-11-07T01:39:40.350747,185.194.176.202,209.114.108.224,36575,ICMP,168,FIN,True
2023-11-07T01:39:40.350762,43.51.200.234,236.207.64.65,59784,ICMP,661,FIN,True
2023-11-07T01:39:40.350777,56.134.245.51,76.207.159.102,52188,UDP,291,FIN,False
2023-11-07T01:39:40.350796,46.173.66.180,14.75.206.79,8491,TCP,862,FIN,True
2023-11-07T01:39:40.350810,44.38.240.114,205.80.46.244,48827,UDP,687,ACK,False
2023-11-07T01:39:40.350826,125.42.120.149,6.91.222.161,64689,ICMP,807,FIN,True
2023-11-07T01:39:40.350841,191.151.119.181,127.193.109.239,54416,TCP,1155,SYN,False
2023-11-07T01:39:40.350856,120.122.69.167,42.136.239.83,52671,UDP,592,SYN,True
2023-11-07T01:39:40.350870,205.156.18.97,179.98.238.39,49519,TCP,372,RST,True
2023-11-07T01:39:40.350885,253.196.106.24,82.19.192.179,31793,TCP,1022,ACK,True
2023-11-07T01:39:40.350899,147.242.156.152,45.34.173.66,41528,UDP,129,SYN,True
2023-11-07T01:39:40.350914,142.149.182.233,156.247.156.84,5254,UDP,1395,FIN,True
2023-11-07T01:39:40.350928,242.78.203.145,108.213.72.157,27306,UDP,984,SYN,False
2023-11-07T01:39:40.350943,15.117.36.248,80.250.97.143,7495,ICMP,1326,RST,False
2023-11-07T01:39:40.350958,23.229.9.125,57.198.60.74,3172,UDP,579,FIN,True
2023-11-07T01:39:40.350972,217.99.197.146,48.96.127.156,7428,UDP,376,SYN,False
2023-11-07T01:39:40.350987,164.119.70.213,206.9.240.34,53495,ICMP,584,SYN,True
2023-11-07T01:39:40.351002,147.124.36.142,69.26.7.57,49477,TCP,124,SYN,True
2023-11-07T01:39:40.351017,19.109.237.55,75.197.229.79,18242,UDP,580,RST,True
2023-11-07T01:39:40.351033,132.57.1.46,56.44.200.242,24197,TCP,896,FIN,True
2023-11-07T01:39:40.351050,255.97.84.52,5.99.107.126,4755,TCP,542,ACK,True
2023-11-07T01:39:40.351065,71.174.54.79,232.199.218.124,38302,ICMP,472,ACK,True
2023-11-07T01:39:40.351082,55.7.78.61,126.64.230.186,46315,TCP,974,FIN,True
2023-11-07T01:39:40.351097,158.56.92.15,195.41.37.216,38501,ICMP,382,RST,False
2023-11-07T01:39:40.351112,216.205.20.149,242.162.46.68,16235,TCP,841,FIN,False
2023-11-07T01:39:40.351127,74.205.215.139,215.161.128.115,15074,TCP,597,RST,False
2023-11-07T01:39:40.351141,194.188.247.101,227.120.86.217,34698,ICMP,1482,RST,True
2023-11-07T01:39:40.351156,221.109.49.217,4.138.124.247,3583,TCP,1238,FIN,True
2023-11-07T01:39:40.351173,213.146.225.47,242.191.131.216,50369,UDP,76,SYN,False
2023-11-07T01:39:40.351188,224.244.112.97,166.18.185.116,26237,ICMP,272,RST,False
2023-11-07T01:39:40.351203,57.159.246.64,17.76.138.25,35303,ICMP,1370,RST,True
2023-11-07T01:39:40.351219,73.18.151.120,244.85.69.60,8692,UDP,285,SYN,False
2023-11-07T01:39:40.351233,43.238.78.145,112.29.148.163,63240,UDP,581,SYN,True
2023-11-07T01:39:40.351248,222.18.169.75,167.89.247.106,20596,UDP,1487,RST,False
2023-11-07T01:39:40.351262,114.186.62.85,204.126.33.88,8880,ICMP,1063,RST,False
2023-11-07T01:39:40.351277,118.103.246.52,234.153.45.72,40117,UDP,374,ACK,False
2023-11-07T01:39:40.351291,183.217.215.162,128.228.14.145,19447,UDP,141,ACK,False
2023-11-07T01:39:40.351306,113.61.93.238,167.35.35.204,31919,UDP,1471,RST,True
2023-11-07T01:39:40.351320,98.79.173.164,192.80.103.57,27598,TCP,1281,FIN,False
2023-11-07T01:39:40.351335,11.198.146.122,1.2.87.132,49685,ICMP,517,RST,False
2023-11-07T01:39:40.351350,93.206.125.196,76.31.241.79,41518,TCP,697,RST,False
2023-11-07T01:39:40.351367,57.171.145.127,72.30.34.222,24949,TCP,335,FIN,True
2023-11-07T01:39:40.351385,90.18.30.15,187.105.168.88,10658,ICMP,1248,RST,True
2023-11-07T01:39:40.351401,233.252.209.99,231.152.101.195,48686,TCP,777,FIN,False
2023-11-07T01:39:40.351415,193.156.32.60,251.6.182.15,39094,UDP,545,FIN,False
2023-11-07T01:39:40.351430,214.36.194.124,254.182.243.211,30983,TCP,1189,FIN,False
2023-11-07T01:39:40.351444,65.148.126.81,254.179.189.128,18317,TCP,370,RST,False
2023-11-07T01:39:40.351459,195.181.87.179,105.42.68.10,24548,TCP,962,SYN,True
2023-11-07T01:39:40.351477,155.163.47.215,115.21.59.71,46213,TCP,497,FIN,False
2023-11-07T01:39:40.351492,139.194.171.152,64.133.22.32,49880,UDP,1360,SYN,True
2023-11-07T01:39:40.351507,40.4.139.37,93.180.11.47,3083,UDP,651,FIN,True
2023-11-07T01:39:40.351523,146.18.51.178,169.46.104.136,48564,UDP,1364,ACK,False
2023-11-07T01:39:40.351538,84.157.40.232,223.94.244.95,43649,ICMP,705,FIN,True
2023-11-07T01:39:40.351552,165.172.148.113,60.15.32.173,14365,UDP,1229,RST,False
2023-11-07T01:39:40.351568,154.212.33.189,37.127.31.214,13738,ICMP,1157,FIN,False
2023-11-07T01:39:40.351583,19.218.28.16,83.127.106.189,59931,TCP,1239,FIN,False
2023-11-07T01:39:40.351599,70.50.187.201,149.2.108.132,15275,ICMP,1235,FIN,True
2023-11-07T01:39:40.351614,44.62.102.132,119.227.164.137,58739,UDP,751,SYN,True
2023-11-07T01:39:40.351630,40.102.28.143,31.160.119.45,1650,UDP,911,RST,False
2023-11-07T01:39:40.351644,178.187.167.237,185.197.6.255,35995,UDP,520,ACK,True
2023-11-07T01:39:40.351660,180.53.55.68,202.207.189.242,34395,UDP,362,ACK,True
2023-11-07T01:39:40.351677,125.231.179.137,220.148.211.102,43106,UDP,631,FIN,True
2023-11-07T01:39:40.351694,82.240.216.167,179.206.213.150,43055,UDP,212,SYN,True
2023-11-07T01:39:40.351710,250.121.124.180,231.68.253.94,33390,TCP,691,ACK,False
2023-11-07T01:39:40.351725,146.189.127.134,81.31.236.12,46655,ICMP,1037,SYN,False
2023-11-07T01:39:40.351739,209.129.176.174,15.98.157.101,21238,ICMP,181,SYN,False
2023-11-07T01:39:40.351754,231.239.102.105,50.86.232.56,49365,ICMP,1306,ACK,True
2023-11-07T01:39:40.351769,251.181.246.37,186.18.172.211,44309,ICMP,351,FIN,False
2023-11-07T01:39:40.351783,149.89.28.87,184.43.71.110,51004,ICMP,833,FIN,True
2023-11-07T01:39:40.351798,209.114.82.209,38.69.59.128,16370,UDP,659,RST,True
2023-11-07T01:39:40.351813,172.6.132.111,26.206.143.204,29318,ICMP,733,SYN,False
2023-11-07T01:39:40.351828,108.215.243.111,97.34.242.227,64030,TCP,347,ACK,False
2023-11-07T01:39:40.351842,182.165.68.113,101.146.90.220,46998,TCP,1379,FIN,False
2023-11-07T01:39:40.351857,3.159.42.237,167.84.117.253,51064,TCP,172,SYN,True
2023-11-07T01:39:40.351871,94.184.21.219,19.89.213.53,40137,TCP,1184,ACK,False
2023-11-07T01:39:40.351885,119.66.148.202,119.162.100.60,48933,TCP,86,RST,True
2023-11-07T01:39:40.351900,24.19.222.183,88.22.234.105,59020,ICMP,502,ACK,False
2023-11-07T01:39:40.351915,124.149.191.231,117.122.237.123,44328,ICMP,489,SYN,True
2023-11-07T01:39:40.351929,83.255.56.155,48.124.69.118,35016,UDP,365,SYN,True
2023-11-07T01:39:40.351944,242.176.84.22,43.255.147.166,63157,ICMP,643,ACK,True
2023-11-07T01:39:40.351961,201.118.249.154,81.141.25.189,25461,ICMP,708,FIN,True
2023-11-07T01:39:40.351979,39.37.208.71,140.193.136.103,49293,TCP,1283,ACK,False
2023-11-07T01:39:40.351994,186.221.191.66,8.70.224.151,64277,TCP,1083,ACK,True
2023-11-07T01:39:40.352013,201.121.73.99,214.255.184.204,1412,TCP,673,ACK,True
2023-11-07T01:39:40.352028,54.137.220.50,58.19.221.84,56575,TCP,180,SYN,True
2023-11-07T01:39:40.352042,147.66.201.170,125.50.34.155,17127,TCP,1147,ACK,True
2023-11-07T01:39:40.352057,54.89.155.125,119.178.159.70,7736,UDP,717,RST,False
2023-11-07T01:39:40.352071,26.216.248.19,107.59.11.187,23280,ICMP,1380,ACK,False
2023-11-07T01:39:40.352086,36.160.111.184,247.212.222.213,22865,UDP,848,FIN,False
2023-11-07T01:39:40.352101,132.255.73.55,249.104.75.98,21193,ICMP,999,ACK,False
2023-11-07T01:39:40.352116,155.202.203.241,169.202.222.87,13257,UDP,990,SYN,False
2023-11-07T01:39:40.352130,222.22.121.66,208.255.192.134,57454,TCP,677,RST,True
2023-11-07T01:39:40.352145,165.172.51.108,129.29.66.184,14835,ICMP,407,SYN,False
2023-11-07T01:39:40.352159,20.226.196.248,79.152.197.209,31078,TCP,1136,SYN,False
2023-11-07T01:39:40.352174,122.145.204.223,189.182.121.93,57373,UDP,1285,ACK,True
2023-11-07T01:39:40.352188,134.84.84.81,233.197.161.155,51760,TCP,887,FIN,False
2023-11-07T01:39:40.352203,91.61.223.127,57.103.178.202,5460,TCP,1349,FIN,False
2023-11-07T01:39:40.352218,195.191.245.134,1.57.30.189,48450,UDP,1162,ACK,False
2023-11-07T01:39:40.352233,126.207.176.148,91.174.203.83,26335,TCP,959,ACK,True
2023-11-07T01:39:40.352248,166.83.204.193,244.46.48.244,55141,ICMP,209,RST,True
2023-11-07T01:39:40.352266,86.62.240.140,163.67.163.124,63511,ICMP,356,FIN,True
2023-11-07T01:39:40.352281,240.151.19.227,179.101.209.51,34035,ICMP,180,SYN,True
2023-11-07T01:39:40.352295,146.21.246.143,59.95.8.250,28735,TCP,672,RST,True
2023-11-07T01:39:40.352310,176.52.36.48,212.192.209.45,53346,UDP,738,SYN,True
2023-11-07T01:39:40.352324,139.252.14.40,90.218.208.77,30246,UDP,1198,ACK,False
2023-11-07T01:39:40.352343,166.128.20.244,210.224.230.35,24018,ICMP,772,FIN,False
2023-11-07T01:39:40.352358,217.85.77.228,36.151.221.105,31665,TCP,1388,ACK,False
2023-11-07T01:39:40.352373,129.244.142.120,79.151.246.211,54922,ICMP,291,SYN,False
2023-11-07T01:39:40.352387,117.209.157.113,253.244.127.129,18161,ICMP,181,ACK,False
2023-11-07T01:39:40.352402,92.204.18.142,121.102.74.160,41070,UDP,693,RST,True
2023-11-07T01:39:40.352417,21.189.32.117,93.249.67.27,49276,UDP,265,RST,False
2023-11-07T01:39:40.352432,176.189.195.48,147.0.188.46,36222,TCP,1253,FIN,True
2023-11-07T01:39:40.352446,177.25.123.213,74.248.219.80,15816,TCP,406,FIN,False
2023-11-07T01:39:40.352461,182.211.218.62,4.160.155.200,5950,UDP,918,FIN,False
2023-11-07T01:39:40.352475,109.110.124.172,61.146.111.131,9263,TCP,1380,RST,False
2023-11-07T01:39:40.352511,248.202.103.83,38.8.2.15,22602,UDP,209,ACK,False
2023-11-07T01:39:40.352534,52.227.63.64,19.144.165.120,44759,UDP,469,FIN,False
2023-11-07T01:39:40.352553,241.37.11.163,228.159.149.233,64407,UDP,521,FIN,True
2023-11-07T01:39:40.352572,47.176.165.216,165.60.96.173,54247,UDP,209,FIN,True
2023-11-07T01:39:40.352594,32.146.67.68,170.133.202.223,18881,UDP,1123,ACK,False
2023-11-07T01:39:40.352611,112.169.114.76,165.242.107.156,32111,TCP,1330,SYN,False
2023-11-07T01:39:40.352626,72.162.74.143,196.117.217.208,3169,UDP,473,SYN,False
2023-11-07T01:39:40.352642,64.103.141.38,248.211.198.232,18009,UDP,1437,ACK,False
2023-11-07T01:39:40.352657,252.188.233.164,111.206.225.42,42976,TCP,1242,SYN,False
2023-11-07T01:39:40.352671,50.228.125.77,108.142.153.121,14878,TCP,272,RST,False
2023-11-07T01:39:40.352686,176.14.56.112,48.123.13.63,30639,ICMP,1450,RST,True
2023-11-07T01:39:40.352703,37.220.185.62,182.100.66.138,21199,ICMP,1021,FIN,False
2023-11-07T01:39:40.352718,100.205.50.202,139.118.69.43,54585,TCP,1356,ACK,True
2023-11-07T01:39:40.352732,30.49.232.103,150.176.174.101,54261,ICMP,257,FIN,False
2023-11-07T01:39:40.352747,171.75.50.157,77.190.203.211,33572,UDP,1242,ACK,True
2023-11-07T01:39:40.352764,173.152.184.98,162.232.9.83,10224,TCP,799,FIN,False
2023-11-07T01:39:40.352779,172.99.44.159,90.75.154.6,14041,UDP,69,FIN,False
2023-11-07T01:39:40.352794,13.187.78.49,193.242.151.83,29395,TCP,651,SYN,False
2023-11-07T01:39:40.352809,106.79.41.24,183.162.107.206,63207,UDP,781,ACK,False
2023-11-07T01:39:40.352824,27.183.142.249,50.220.221.48,16008,UDP,610,ACK,True
2023-11-07T01:39:40.352839,124.9.0.180,68.113.223.241,39247,UDP,469,ACK,False
2023-11-07T01:39:40.352853,254.99.90.81,254.12.71.156,17258,UDP,471,ACK,False
2023-11-07T01:39:40.352867,136.107.99.173,94.130.156.201,22516,UDP,426,SYN,True
2023-11-07T01:39:40.352882,216.177.0.178,134.39.176.227,51187,ICMP,242,SYN,True
2023-11-07T01:39:40.352900,221.219.115.44,58.250.217.9,25909,UDP,116,SYN,False
2023-11-07T01:39:40.352915,168.198.151.74,78.232.12.218,34949,TCP,610,SYN,False
2023-11-07T01:39:40.352929,225.49.253.138,45.134.130.217,42215,UDP,234,RST,False
2023-11-07T01:39:40.352944,130.244.218.156,57.162.95.171,59265,UDP,858,SYN,False
2023-11-07T01:39:40.352959,224.232.255.28,211.101.227.253,19809,UDP,1270,SYN,True
2023-11-07T01:39:40.352973,23.110.117.187,174.201.42.159,9657,TCP,1424,RST,True
2023-11-07T01:39:40.352987,74.22.157.20,2.94.66.243,13822,TCP,307,ACK,False
2023-11-07T01:39:40.353002,129.109.121.14,215.133.89.248,33919,ICMP,1239,FIN,False
2023-11-07T01:39:40.353019,72.19.3.150,184.74.56.224,26694,UDP,992,RST,True
2023-11-07T01:39:40.353035,7.11.154.124,197.253.88.152,17912,TCP,970,SYN,True
2023-11-07T01:39:40.353049,178.143.215.235,189.4.90.96,64625,TCP,1014,SYN,False
2023-11-07T01:39:40.353065,168.53.213.10,254.96.238.79,8708,TCP,1275,ACK,False
2023-11-07T01:39:40.353079,222.17.114.233,70.79.47.22,64319,ICMP,488,FIN,True
2023-11-07T01:39:40.353094,59.186.172.16,219.137.167.199,51563,ICMP,937,ACK,True
2023-11-07T01:39:40.353109,244.138.117.95,157.76.237.166,61832,UDP,728,SYN,False
2023-11-07T01:39:40.353199,245.28.203.35,206.10.244.26,51659,UDP,813,SYN,False
2023-11-07T01:39:40.353217,38.75.112.177,227.218.234.11,18426,TCP,786,SYN,False
2023-11-07T01:39:40.353232,185.5.49.194,255.51.215.151,2491,ICMP,479,RST,True
2023-11-07T01:39:40.353247,128.247.195.82,5.160.33.6,14665,TCP,1162,SYN,False
2023-11-07T01:39:40.353261,57.117.138.247,131.8.204.254,17262,ICMP,1366,FIN,True
2023-11-07T01:39:40.353276,92.47.191.6,222.168.60.72,55909,UDP,421,ACK,False
2023-11-07T01:39:40.353291,246.158.47.124,224.100.60.242,45027,TCP,776,SYN,False
2023-11-07T01:39:40.353307,238.199.157.119,123.184.176.129,60730,ICMP,1439,FIN,True
2023-11-07T01:39:40.353322,61.226.64.132,242.95.112.148,7040,UDP,1436,SYN,True
2023-11-07T01:39:40.353336,56.156.198.224,203.234.246.226,57976,TCP,1117,RST,True
2023-11-07T01:39:40.353350,216.97.82.100,138.12.91.122,17722,UDP,539,RST,False
2023-11-07T01:39:40.353365,61.236.47.244,72.116.69.107,15218,TCP,370,ACK,False
2023-11-07T01:39:40.353383,5.231.38.13,89.72.172.34,50217,TCP,846,SYN,True
2023-11-07T01:39:40.353398,127.48.148.239,187.215.143.19,36485,UDP,778,ACK,True
2023-11-07T01:39:40.353413,223.89.228.6,209.87.238.197,24168,ICMP,1139,RST,True
2023-11-07T01:39:40.353428,42.51.22.216,169.200.199.151,38000,ICMP,1434,FIN,False
2023-11-07T01:39:40.353442,126.226.238.63,53.242.226.60,25342,TCP,1138,ACK,True
2023-11-07T01:39:40.353456,31.207.101.49,240.199.96.79,62918,ICMP,986,SYN,True
2023-11-07T01:39:40.353471,245.133.255.97,42.81.8.174,65378,ICMP,1011,ACK,False
2023-11-07T01:39:40.353486,203.21.251.155,5.108.252.188,22238,ICMP,327,RST,True
2023-11-07T01:39:40.353501,255.212.87.37,132.96.198.182,33205,UDP,905,ACK,False
2023-11-07T01:39:40.353515,62.216.169.114,49.86.252.159,43632,ICMP,442,SYN,False
2023-11-07T01:39:40.353529,212.252.212.120,153.54.51.58,40267,TCP,821,FIN,False
2023-11-07T01:39:40.353544,112.55.231.161,245.226.217.210,25339,ICMP,941,SYN,False
2023-11-07T01:39:40.353559,63.13.240.219,219.191.51.238,8274,UDP,1019,ACK,False
2023-11-07T01:39:40.353574,193.153.160.205,9.209.110.114,12500,TCP,390,FIN,True
2023-11-07T01:39:40.353588,98.162.159.145,27.216.61.175,27745,TCP,1059,ACK,False
2023-11-07T01:39:40.353602,103.234.114.212,99.14.98.42,20893,ICMP,441,ACK,False
2023-11-07T01:39:40.353617,250.29.160.223,104.203.73.62,43972,TCP,998,ACK,False
2023-11-07T01:39:40.353631,242.226.36.231,177.129.18.50,37811,ICMP,78,FIN,False
2023-11-07T01:39:40.353646,129.101.226.183,183.75.224.50,10919,UDP,416,FIN,False
2023-11-07T01:39:40.353663,27.154.179.163,36.129.35.11,22752,TCP,155,FIN,False
2023-11-07T01:39:40.353679,234.170.245.109,240.189.141.106,62575,TCP,896,SYN,True
2023-11-07T01:39:40.353697,75.194.43.163,36.152.27.120,55096,ICMP,378,SYN,False
2023-11-07T01:39:40.353711,56.245.55.23,150.185.151.120,48586,UDP,835,SYN,True
2023-11-07T01:39:40.353726,69.155.13.120,92.87.53.17,40899,ICMP,459,FIN,True
2023-11-07T01:39:40.353741,239.12.14.60,111.45.11.42,49020,TCP,1262,ACK,False
2023-11-07T01:39:40.353756,74.221.144.59,128.177.160.232,3935,TCP,499,SYN,True
2023-11-07T01:39:40.353771,146.5.191.231,167.89.29.217,51563,UDP,1204,RST,True
2023-11-07T01:39:40.353786,9.59.0.129,146.67.115.146,17159,ICMP,642,RST,True
2023-11-07T01:39:40.353801,120.174.61.120,234.218.71.177,43456,TCP,349,FIN,True
2023-11-07T01:39:40.353815,126.14.51.110,217.32.91.204,10934,TCP,782,FIN,True
2023-11-07T01:39:40.353830,70.113.145.247,110.232.184.10,21037,TCP,1200,RST,True
2023-11-07T01:39:40.353845,152.120.70.171,149.102.1.162,10680,TCP,170,ACK,True
2023-11-07T01:39:40.353860,1.25.180.78,41.53.226.158,26322,TCP,968,ACK,False
2023-11-07T01:39:40.353875,143.41.20.3,106.114.247.39,14929,TCP,91,ACK,False
2023-11-07T01:39:40.353889,125.25.54.123,142.177.189.15,34449,TCP,1432,SYN,False
2023-11-07T01:39:40.353903,198.151.138.202,212.64.71.16,11538,TCP,1087,FIN,False
2023-11-07T01:39:40.353919,234.251.50.174,178.55.32.92,45837,TCP,397,FIN,True
2023-11-07T01:39:40.353934,5.136.220.135,63.111.180.42,6768,UDP,1176,ACK,True
2023-11-07T01:39:40.353951,213.179.68.184,8.148.85.46,26981,TCP,958,FIN,True
2023-11-07T01:39:40.353982,51.106.235.185,109.250.237.249,38954,TCP,604,SYN,True
2023-11-07T01:39:40.353997,178.196.46.90,146.145.171.32,29388,UDP,1416,ACK,False
2023-11-07T01:39:40.354011,224.36.165.218,192.20.247.162,22711,TCP,706,SYN,True
2023-11-07T01:39:40.354026,5.65.143.127,84.118.18.149,51504,TCP,718,SYN,True
2023-11-07T01:39:40.354041,157.212.106.222,199.137.131.191,16254,ICMP,626,SYN,False
2023-11-07T01:39:40.354055,97.54.81.25,177.250.106.100,40766,UDP,77,SYN,True
2023-11-07T01:39:40.354070,42.161.134.195,209.51.210.135,17404,TCP,565,ACK,True
2023-11-07T01:39:40.354084,237.84.16.104,188.8.44.14,12473,ICMP,558,SYN,True
2023-11-07T01:39:40.354098,215.208.21.223,167.3.12.101,61767,TCP,1117,SYN,True
2023-11-07T01:39:40.354114,94.242.201.110,205.60.60.15,50086,TCP,279,RST,False
2023-11-07T01:39:40.354128,174.31.55.85,248.122.133.78,36696,UDP,854,FIN,True
2023-11-07T01:39:40.354142,191.237.2.113,237.251.53.220,43424,ICMP,1423,RST,True
2023-11-07T01:39:40.354158,24.113.53.214,174.79.41.199,43151,ICMP,383,RST,False
2023-11-07T01:39:40.354173,46.19.195.97,235.178.232.203,59466,UDP,602,RST,True
2023-11-07T01:39:40.354187,193.194.36.190,54.248.219.8,18380,ICMP,1173,FIN,False
2023-11-07T01:39:40.354202,243.101.32.205,228.81.191.156,12582,TCP,578,RST,True
2023-11-07T01:39:40.354217,244.197.206.132,30.6.199.120,10307,TCP,747,SYN,True
2023-11-07T01:39:40.354231,176.37.255.229,104.191.232.250,55060,UDP,375,SYN,False
2023-11-07T01:39:40.354246,220.154.185.42,81.178.219.3,57553,ICMP,193,FIN,False
2023-11-07T01:39:40.354264,216.214.217.101,40.118.52.235,52673,TCP,467,RST,False
2023-11-07T01:39:40.354282,65.200.151.104,221.94.72.225,13861,TCP,687,FIN,True
2023-11-07T01:39:40.354297,11.127.198.7,240.122.128.97,60796,TCP,1229,FIN,True
2023-11-07T01:39:40.354311,184.69.210.173,137.64.241.189,29441,ICMP,1473,ACK,False
2023-11-07T01:39:40.354325,180.126.100.226,89.165.23.206,22696,ICMP,1275,ACK,True
2023-11-07T01:39:40.354341,40.254.173.137,172.64.192.72,40038,TCP,225,SYN,False
2023-11-07T01:39:40.354355,152.144.168.174,235.112.149.118,35231,TCP,366,FIN,False
2023-11-07T01:39:40.354370,70.11.35.99,71.68.224.196,54296,TCP,451,RST,False
2023-11-07T01:39:40.354384,206.186.177.231,128.222.52.248,54255,ICMP,658,FIN,True
2023-11-07T01:39:40.354400,175.76.120.246,84.225.167.191,8867,ICMP,1296,SYN,False
2023-11-07T01:39:40.354414,87.179.25.75,10.33.122.238,34379,UDP,447,FIN,True
2023-11-07T01:39:40.354429,78.144.251.35,140.30.21.252,1057,UDP,71,RST,False
2023-11-07T01:39:40.354443,209.121.63.33,165.115.58.80,20634,ICMP,1425,FIN,True
2023-11-07T01:39:40.354459,140.102.66.132,23.31.127.254,40290,ICMP,583,FIN,True
2023-11-07T01:39:40.354473,221.36.56.231,153.187.85.62,38510,TCP,1413,ACK,True
2023-11-07T01:39:40.354488,40.202.10.136,62.188.6.128,18983,UDP,1100,ACK,True
2023-11-07T01:39:40.354502,172.161.185.217,169.219.176.18,2959,UDP,1432,ACK,True
2023-11-07T01:39:40.354516,111.133.96.255,7.121.244.60,41249,TCP,1066,SYN,True
2023-11-07T01:39:40.354531,67.78.182.118,201.140.226.140,8844,ICMP,1455,ACK,False
2023-11-07T01:39:40.354546,128.96.140.253,72.128.137.108,55685,UDP,629,RST,True
2023-11-07T01:39:40.354564,0.90.213.86,213.244.129.104,15549,TCP,878,FIN,True
2023-11-07T01:39:40.354579,179.96.156.240,154.194.209.253,35352,TCP,1277,ACK,False
2023-11-07T01:39:40.354596,106.128.230.143,193.209.249.173,27080,ICMP,933,SYN,True
2023-11-07T01:39:40.354611,174.229.166.184,191.140.222.212,16851,ICMP,165,ACK,False
2023-11-07T01:39:40.354626,168.133.105.32,78.66.181.174,59741,TCP,1144,FIN,False
2023-11-07T01:39:40.354644,10.132.109.156,7.75.91.99,15812,TCP,799,ACK,True
2023-11-07T01:39:40.354658,12.117.235.210,165.133.2.247,45096,UDP,608,FIN,True
2023-11-07T01:39:40.354673,217.81.41.178,231.108.107.84,49029,TCP,361,SYN,True
2023-11-07T01:39:40.354687,168.98.187.28,5.106.243.244,4684,TCP,1072,SYN,True
2023-11-07T01:39:40.354702,27.116.6.134,47.51.213.88,15750,TCP,1282,ACK,True
2023-11-07T01:39:40.354719,106.105.151.238,120.151.97.24,61155,ICMP,258,RST,True
2023-11-07T01:39:40.354734,195.221.223.191,211.202.146.242,22344,TCP,257,RST,True
2023-11-07T01:39:40.354748,12.194.21.60,156.118.123.155,36419,TCP,976,FIN,False
2023-11-07T01:39:40.354763,166.2.104.136,145.102.249.8,1292,ICMP,1080,FIN,False
2023-11-07T01:39:40.354777,203.0.163.2,28.20.137.110,6379,ICMP,1155,RST,False
2023-11-07T01:39:40.354792,150.108.119.63,19.90.227.158,40016,ICMP,1130,RST,True
2023-11-07T01:39:40.354807,105.101.24.59,30.126.89.184,44247,TCP,238,ACK,False
2023-11-07T01:39:40.354821,153.22.141.246,73.49.134.234,56542,TCP,381,ACK,True
2023-11-07T01:39:40.354835,81.202.178.180,166.43.160.133,60011,TCP,1118,RST,True
2023-11-07T01:39:40.354852,19.84.172.167,18.236.154.124,41563,UDP,1367,FIN,False
2023-11-07T01:39:40.354868,139.235.32.102,101.190.124.195,25120,UDP,621,FIN,True
2023-11-07T01:39:40.354882,105.52.36.102,140.5.112.108,65526,TCP,328,FIN,True
2023-11-07T01:39:40.354899,95.57.138.160,160.80.22.145,30280,TCP,1406,ACK,False
2023-11-07T01:39:40.354914,51.246.152.199,139.92.145.173,60388,UDP,1004,RST,False
2023-11-07T01:39:40.354932,137.221.223.177,86.200.90.0,14062,TCP,595,ACK,True
2023-11-07T01:39:40.354947,42.157.69.61,58.100.73.223,17923,UDP,1123,FIN,False
2023-11-07T01:39:40.354961,144.173.58.218,233.208.43.243,8833,TCP,1258,FIN,False
2023-11-07T01:39:40.354976,185.98.96.198,84.140.22.6,41958,ICMP,280,RST,False
2023-11-07T01:39:40.354991,126.53.19.178,38.115.144.45,23603,ICMP,779,FIN,False
2023-11-07T01:39:40.355005,84.136.65.202,46.47.249.93,50659,ICMP,406,ACK,False
2023-11-07T01:39:40.355019,73.242.169.20,168.177.169.202,61713,ICMP,81,SYN,True
2023-11-07T01:39:40.355034,86.25.98.233,105.87.187.158,44895,TCP,1084,SYN,False
2023-11-07T01:39:40.355049,4.197.106.111,168.132.151.32,56558,TCP,178,FIN,True
2023-11-07T01:39:40.355063,7.14.209.153,164.231.200.65,25496,ICMP,138,FIN,False
2023-11-07T01:39:40.355077,218.44.163.197,233.49.149.16,21007,ICMP,1008,FIN,False
2023-11-07T01:39:40.355092,50.49.104.31,58.147.37.63,56885,UDP,1360,SYN,False
2023-11-07T01:39:40.355107,97.153.42.26,97.235.46.197,8614,TCP,1311,RST,True
2023-11-07T01:39:40.355122,250.72.136.118,35.172.185.59,45248,ICMP,1107,ACK,True
2023-11-07T01:39:40.355136,115.69.104.198,114.41.135.218,55027,ICMP,310,FIN,False
2023-11-07T01:39:40.355152,242.77.88.255,122.20.200.255,50248,TCP,558,ACK,True
2023-11-07T01:39:40.355167,127.106.72.74,177.204.32.194,64821,TCP,655,ACK,False
2023-11-07T01:39:40.355182,62.60.250.238,195.83.228.45,1113,ICMP,1297,RST,False
2023-11-07T01:39:40.355196,142.62.121.161,60.108.134.136,7483,TCP,905,FIN,True
2023-11-07T01:39:40.355211,160.82.57.140,117.243.210.37,38029,TCP,114,RST,False
2023-11-07T01:39:40.355225,231.0.21.64,25.117.118.79,44999,TCP,682,FIN,False
2023-11-07T01:39:40.355242,32.119.233.79,4.252.110.175,38002,UDP,408,ACK,False
2023-11-07T01:39:40.355257,15.105.62.46,107.2.200.131,57368,ICMP,1091,FIN,False
2023-11-07T01:39:40.355272,60.170.229.35,73.134.249.154,17848,UDP,1471,FIN,False
2023-11-07T01:39:40.355287,164.210.233.119,148.59.50.172,15956,ICMP,624,FIN,False
2023-11-07T01:39:40.355301,161.224.145.20,247.53.126.220,38417,TCP,1481,SYN,True
2023-11-07T01:39:40.355316,109.78.74.2,28.43.212.114,58201,ICMP,432,FIN,True
2023-11-07T01:39:40.355330,53.112.224.152,188.203.166.21,21088,UDP,777,RST,False
2023-11-07T01:39:40.355344,220.225.181.40,222.212.29.142,60764,UDP,1043,SYN,True
2023-11-07T01:39:40.355359,43.82.247.187,184.188.232.82,15867,ICMP,1248,FIN,True
2023-11-07T01:39:40.355373,216.203.175.54,221.124.21.90,49366,UDP,417,FIN,True
2023-11-07T01:39:40.355387,133.239.128.20,173.194.30.43,13222,UDP,922,SYN,False
2023-11-07T01:39:40.355403,143.184.120.233,164.37.104.239,18967,UDP,485,SYN,False
2023-11-07T01:39:40.355418,94.120.53.251,46.193.69.214,53234,ICMP,839,RST,False
2023-11-07T01:39:40.355434,250.169.162.142,141.96.206.232,43385,TCP,139,FIN,False
2023-11-07T01:39:40.355449,104.200.107.60,47.3.140.229,61607,UDP,598,ACK,True
2023-11-07T01:39:40.355463,146.62.11.57,80.147.61.92,12635,TCP,1338,ACK,True
2023-11-07T01:39:40.355478,14.1.99.249,217.114.237.252,36995,ICMP,1500,SYN,True
2023-11-07T01:39:40.355493,210.227.95.57,149.114.250.160,21513,ICMP,452,SYN,True
2023-11-07T01:39:40.355507,43.135.132.239,2.164.252.172,59297,TCP,817,ACK,False
2023-11-07T01:39:40.355522,32.221.246.254,70.186.6.139,55950,TCP,1429,RST,False
2023-11-07T01:39:40.355537,25.253.96.95,25.218.154.183,30649,ICMP,1323,ACK,True
2023-11-07T01:39:40.355555,230.8.92.24,175.220.236.214,58084,UDP,1319,ACK,True
2023-11-07T01:39:40.355569,125.110.151.252,165.75.189.252,11106,TCP,1396,ACK,False
2023-11-07T01:39:40.355584,97.93.219.147,130.98.111.188,50060,ICMP,1387,FIN,False
2023-11-07T01:39:40.355598,240.91.150.20,36.40.128.148,24942,TCP,561,ACK,False
2023-11-07T01:39:40.355613,122.45.205.101,22.130.234.176,16647,UDP,1428,FIN,True
2023-11-07T01:39:40.355628,170.87.206.107,186.58.117.167,15970,UDP,520,ACK,True
2023-11-07T01:39:40.355642,176.111.118.35,189.104.112.216,23307,UDP,1457,SYN,False
2023-11-07T01:39:40.355657,10.61.44.18,144.166.64.40,65492,UDP,778,RST,False
2023-11-07T01:39:40.355672,35.107.229.129,73.225.84.201,35190,ICMP,325,FIN,False
2023-11-07T01:39:40.355686,42.158.32.126,42.123.111.62,33185,TCP,538,SYN,True
2023-11-07T01:39:40.355700,195.28.34.173,109.122.239.31,13504,UDP,612,RST,False
2023-11-07T01:39:40.355718,218.72.249.58,75.205.242.219,43037,ICMP,1336,SYN,False
2023-11-07T01:39:40.355735,242.70.169.62,123.9.204.145,7528,UDP,463,RST,False
2023-11-07T01:39:40.355751,7.196.241.140,68.33.52.132,48973,ICMP,262,ACK,False
2023-11-07T01:39:40.355766,6.189.69.17,9.102.63.102,57893,UDP,500,SYN,False
2023-11-07T01:39:40.355780,222.179.172.121,176.51.153.163,9198,UDP,1176,RST,False
2023-11-07T01:39:40.355794,186.167.160.49,119.98.210.28,18679,UDP,713,FIN,True
2023-11-07T01:39:40.355809,206.92.225.133,199.103.123.44,12885,TCP,189,RST,False
2023-11-07T01:39:40.355824,118.172.163.34,74.109.11.52,48361,UDP,876,FIN,True
2023-11-07T01:39:40.355839,219.161.5.118,122.44.251.37,11475,UDP,1463,SYN,False
2023-11-07T01:39:40.355853,85.15.184.213,186.4.225.86,14874,ICMP,336,RST,True
2023-11-07T01:39:40.355870,145.238.149.70,12.52.193.240,36683,ICMP,965,SYN,False
2023-11-07T01:39:40.355885,239.14.224.185,222.194.154.161,55786,ICMP,144,ACK,False
2023-11-07T01:39:40.355900,19.25.140.55,64.244.141.87,19591,ICMP,1306,SYN,False
2023-11-07T01:39:40.355915,212.22.156.202,213.188.166.68,65143,UDP,227,ACK,True
2023-11-07T01:39:40.355929,5.136.176.64,7.138.78.34,7520,TCP,439,RST,False
2023-11-07T01:39:40.355943,246.12.201.197,90.146.255.185,5518,TCP,736,RST,True
2023-11-07T01:39:40.355958,27.2.154.214,61.246.230.227,31753,TCP,1275,SYN,True
2023-11-07T01:39:40.355973,191.110.70.45,248.46.209.181,40679,ICMP,80,SYN,False
2023-11-07T01:39:40.355987,70.223.164.102,103.12.221.214,2158,TCP,455,RST,True
2023-11-07T01:39:40.356002,207.130.153.104,146.224.128.83,32983,UDP,1221,ACK,False
2023-11-07T01:39:40.356019,224.78.4.184,7.246.164.41,48871,UDP,114,RST,False
2023-11-07T01:39:40.356034,156.23.64.160,93.84.180.11,12886,ICMP,1312,FIN,True
2023-11-07T01:39:40.356048,113.208.57.246,18.215.43.196,36426,ICMP,262,FIN,False
2023-11-07T01:39:40.356064,121.223.15.56,15.33.46.122,54840,ICMP,1456,ACK,True
2023-11-07T01:39:40.356079,48.63.238.92,162.5.119.215,25532,UDP,454,ACK,False
2023-11-07T01:39:40.356093,226.81.15.172,115.77.227.186,54765,TCP,346,ACK,False
2023-11-07T01:39:40.356109,87.103.250.220,9.189.241.29,8825,UDP,449,SYN,False
2023-11-07T01:39:40.356123,123.234.57.121,91.144.214.133,55682,ICMP,387,ACK,True
2023-11-07T01:39:40.356137,206.127.26.236,2.68.1.59,49788,UDP,488,FIN,False
2023-11-07T01:39:40.356152,81.193.65.82,86.10.254.189,29912,ICMP,1247,SYN,False
2023-11-07T01:39:40.356167,229.219.157.37,230.162.208.219,28425,ICMP,554,RST,False
2023-11-07T01:39:40.356185,171.221.51.7,9.235.173.27,46274,TCP,477,SYN,True
2023-11-07T01:39:40.356204,180.90.77.53,235.246.5.242,3375,ICMP,1084,SYN,True
2023-11-07T01:39:40.356219,101.193.178.40,144.163.14.7,61321,TCP,1137,FIN,True
2023-11-07T01:39:40.356233,126.74.155.240,38.145.12.159,11810,UDP,876,SYN,False
2023-11-07T01:39:40.356247,164.59.43.33,218.109.147.14,35491,UDP,1500,RST,False
2023-11-07T01:39:40.356262,223.70.112.142,245.248.2.17,56796,TCP,1028,ACK,False
2023-11-07T01:39:40.356276,231.60.84.149,131.137.111.82,57536,ICMP,486,SYN,True
2023-11-07T01:39:40.356291,54.248.245.4,37.186.233.243,42488,UDP,1437,FIN,False
2023-11-07T01:39:40.356305,163.82.203.218,220.125.182.63,57553,ICMP,1158,FIN,False
2023-11-07T01:39:40.356322,67.102.39.59,87.240.51.152,21027,UDP,862,ACK,False
2023-11-07T01:39:40.356337,93.112.233.220,60.239.79.6,30705,ICMP,646,RST,True
2023-11-07T01:39:40.356351,19.130.199.166,225.2.207.217,29948,TCP,1117,ACK,False
2023-11-07T01:39:40.356366,250.105.149.29,189.120.106.189,22328,UDP,1062,ACK,False
2023-11-07T01:39:40.356381,132.68.129.166,54.46.135.75,42696,ICMP,1261,ACK,False
2023-11-07T01:39:40.356396,176.38.69.33,59.5.76.145,46778,TCP,944,SYN,True
2023-11-07T01:39:40.356411,197.151.72.215,126.187.165.35,21010,ICMP,245,RST,False
2023-11-07T01:39:40.356425,151.1.0.122,30.13.78.134,55310,UDP,336,ACK,False
2023-11-07T01:39:40.356440,7.61.72.95,251.119.144.189,24818,TCP,1204,ACK,False
2023-11-07T01:39:40.356456,171.24.36.93,249.146.153.190,30021,TCP,1141,FIN,True
2023-11-07T01:39:40.356471,58.179.159.15,182.152.104.153,39736,TCP,672,ACK,False
2023-11-07T01:39:40.356516,190.92.141.63,178.171.120.3,25178,UDP,67,FIN,False
2023-11-07T01:39:40.356533,9.197.6.210,116.24.224.49,21810,UDP,842,SYN,False
2023-11-07T01:39:40.356551,129.13.186.80,183.151.239.165,64428,TCP,938,SYN,True
2023-11-07T01:39:40.356566,3.226.166.8,69.149.73.17,55632,ICMP,818,FIN,True
2023-11-07T01:39:40.356581,104.91.185.238,12.239.74.136,57842,UDP,660,FIN,False
2023-11-07T01:39:40.356595,134.35.112.94,215.235.136.230,8561,TCP,299,RST,False
2023-11-07T01:39:40.356610,18.138.11.136,146.45.90.83,39094,UDP,714,ACK,True
2023-11-07T01:39:40.356624,104.6.214.160,18.217.219.64,33947,ICMP,388,ACK,True
2023-11-07T01:39:40.356640,90.16.222.189,124.177.117.181,9899,TCP,243,FIN,False
2023-11-07T01:39:40.356655,113.115.43.11,231.48.82.88,34480,UDP,516,ACK,True
2023-11-07T01:39:40.356669,47.49.245.50,241.48.120.230,27647,UDP,678,FIN,False
2023-11-07T01:39:40.356683,9.181.209.57,21.72.207.248,45451,TCP,1432,RST,True
2023-11-07T01:39:40.356697,49.7.109.131,39.66.103.32,36884,ICMP,1107,SYN,True
2023-11-07T01:39:40.356712,170.87.212.152,116.104.119.142,6938,TCP,605,FIN,True
2023-11-07T01:39:40.356727,211.197.211.32,242.0.114.131,41923,UDP,592,ACK,False
2023-11-07T01:39:40.356742,112.167.45.151,126.62.89.45,42263,UDP,1067,RST,True
2023-11-07T01:39:40.356757,220.209.137.240,196.231.122.104,14870,TCP,1453,FIN,True
2023-11-07T01:39:40.356774,13.85.155.26,139.218.58.51,9152,UDP,399,ACK,False
2023-11-07T01:39:40.356789,69.36.56.250,176.19.240.164,27535,ICMP,422,ACK,True
2023-11-07T01:39:40.356803,220.249.81.43,84.95.37.190,6866,TCP,436,ACK,False
2023-11-07T01:39:40.356818,233.222.222.25,232.129.97.125,38026,TCP,92,RST,True
2023-11-07T01:39:40.356832,67.129.241.149,95.27.178.68,48293,ICMP,1390,SYN,False
2023-11-07T01:39:40.356847,228.147.0.216,225.64.103.151,46532,TCP,494,RST,False
2023-11-07T01:39:40.356865,243.151.93.78,203.37.157.237,50336,ICMP,896,ACK,True
2023-11-07T01:39:40.356880,155.93.121.165,97.232.91.87,55036,TCP,267,ACK,True
2023-11-07T01:39:40.356895,72.141.22.143,247.174.221.130,31462,UDP,179,SYN,True
2023-11-07T01:39:40.356909,132.232.137.75,197.230.109.76,61985,UDP,284,ACK,False
2023-11-07T01:39:40.356923,109.195.222.242,108.227.183.33,2925,UDP,242,RST,True
2023-11-07T01:39:40.356941,91.63.50.95,65.212.92.224,46534,TCP,901,FIN,False
2023-11-07T01:39:40.356956,85.94.73.209,19.255.114.157,26760,UDP,403,ACK,True
2023-11-07T01:39:40.356973,113.31.39.180,181.144.26.147,56437,TCP,1047,FIN,True
2023-11-07T01:39:40.356987,13.38.73.235,85.121.16.248,23860,TCP,306,FIN,False
2023-11-07T01:39:40.357002,237.118.143.92,49.63.102.173,15054,ICMP,843,RST,True
2023-11-07T01:39:40.357016,103.2.116.116,21.254.35.48,24698,UDP,619,SYN,False
2023-11-07T01:39:40.357031,196.182.179.88,243.133.41.244,11422,UDP,1380,SYN,False
2023-11-07T01:39:40.357046,167.137.111.68,124.191.235.73,63368,TCP,143,ACK,True
2023-11-07T01:39:40.357060,193.53.81.251,149.180.35.172,30549,TCP,931,RST,False
2023-11-07T01:39:40.357074,192.212.248.126,30.220.60.199,34507,ICMP,1103,FIN,False
2023-11-07T01:39:40.357090,107.131.135.16,59.48.91.185,61746,ICMP,1138,RST,False
2023-11-07T01:39:40.357104,240.142.6.43,97.248.127.221,37047,TCP,555,RST,True
2023-11-07T01:39:40.357119,221.110.130.192,48.190.20.87,45923,ICMP,239,SYN,True
2023-11-07T01:39:40.357134,154.181.36.153,57.192.185.89,12188,ICMP,246,ACK,False
2023-11-07T01:39:40.357148,186.145.27.149,93.48.56.185,61399,UDP,372,ACK,False
2023-11-07T01:39:40.357163,88.74.155.170,103.9.123.216,25304,TCP,660,SYN,False
2023-11-07T01:39:40.357181,149.195.208.234,110.71.94.230,38470,TCP,126,FIN,True
2023-11-07T01:39:40.357195,223.41.5.188,190.173.241.78,9037,TCP,331,SYN,False
2023-11-07T01:39:40.357210,81.224.195.107,215.110.112.181,47355,UDP,1058,SYN,True
2023-11-07T01:39:40.357227,95.47.141.0,135.218.176.243,32880,TCP,672,FIN,False
2023-11-07T01:39:40.357242,39.251.145.240,147.14.150.174,32415,ICMP,919,RST,False
2023-11-07T01:39:40.357258,168.247.201.152,172.71.128.68,2606,UDP,772,FIN,False
2023-11-07T01:39:40.357272,248.35.253.62,51.72.229.117,41603,UDP,1187,FIN,True
2023-11-07T01:39:40.357287,38.77.49.223,186.207.141.97,50576,UDP,282,ACK,False
2023-11-07T01:39:40.357301,188.107.26.28,253.81.55.223,29855,UDP,767,RST,False
2023-11-07T01:39:40.357316,35.236.190.170,88.199.191.219,13226,TCP,1099,RST,True
2023-11-07T01:39:40.357330,244.220.183.249,113.198.112.197,35394,ICMP,620,SYN,False
2023-11-07T01:39:40.357344,54.66.127.27,113.62.103.28,56416,ICMP,453,FIN,False
2023-11-07T01:39:40.357359,195.107.101.27,121.181.83.244,21336,UDP,184,RST,True
2023-11-07T01:39:40.357373,243.157.22.40,143.201.58.198,24524,TCP,364,SYN,False
2023-11-07T01:39:40.357388,247.9.238.66,255.230.143.32,35509,UDP,674,FIN,True
2023-11-07T01:39:40.357403,110.189.130.124,75.161.230.94,5665,TCP,811,FIN,True
2023-11-07T01:39:40.357418,248.70.252.228,177.71.121.27,27396,TCP,369,RST,False
2023-11-07T01:39:40.357432,7.31.223.135,214.62.83.158,13789,ICMP,547,SYN,False
2023-11-07T01:39:40.357447,192.230.21.173,176.139.228.106,24798,TCP,1374,ACK,False
2023-11-07T01:39:40.357461,135.120.160.178,12.109.138.143,44742,UDP,467,RST,False
2023-11-07T01:39:40.357475,83.229.123.18,10.236.242.200,33481,TCP,922,RST,True
2023-11-07T01:39:40.357490,89.240.176.142,101.114.2.146,38605,ICMP,554,FIN,True
2023-11-07T01:39:40.357507,159.0.108.3,107.47.251.145,27727,TCP,616,SYN,False
2023-11-07T01:39:40.357524,29.87.253.72,252.69.229.179,4211,ICMP,537,ACK,True
2023-11-07T01:39:40.357540,19.207.8.95,82.54.31.162,62982,ICMP,423,ACK,False
2023-11-07T01:39:40.357555,94.157.117.221,29.103.242.48,39415,UDP,1481,SYN,False
2023-11-07T01:39:40.357569,61.216.189.58,165.217.212.80,2731,ICMP,714,RST,True
2023-11-07T01:39:40.357584,224.191.19.174,12.127.227.249,44645,UDP,420,FIN,False
2023-11-07T01:39:40.357598,10.85.173.74,160.199.113.33,61197,ICMP,809,RST,False
2023-11-07T01:39:40.357613,76.193.33.87,177.146.153.7,14671,TCP,782,RST,False
2023-11-07T01:39:40.357628,10.110.141.34,85.222.120.113,28870,TCP,334,SYN,False
2023-11-07T01:39:40.357643,1.171.154.179,37.76.170.144,28156,UDP,1408,SYN,True
2023-11-07T01:39:40.357658,254.36.251.71,69.176.93.134,27297,UDP,1290,RST,True
2023-11-07T01:39:40.357673,221.206.40.218,34.186.15.146,45151,ICMP,1372,FIN,False
2023-11-07T01:39:40.357687,220.79.6.22,87.132.195.113,63444,ICMP,402,FIN,False
2023-11-07T01:39:40.357702,171.164.226.158,206.151.5.109,31854,ICMP,267,RST,False
2023-11-07T01:39:40.357716,227.202.118.91,123.192.7.162,28280,UDP,1024,FIN,True
2023-11-07T01:39:40.357734,231.52.246.59,124.255.254.63,39419,TCP,283,ACK,False
2023-11-07T01:39:40.357748,81.29.32.76,219.6.194.175,27487,TCP,1140,SYN,True
2023-11-07T01:39:40.357763,245.245.160.4,200.76.45.207,45187,ICMP,540,SYN,False
2023-11-07T01:39:40.357778,150.67.94.228,29.98.76.125,59445,UDP,944,FIN,False
2023-11-07T01:39:40.357796,155.131.232.155,192.167.169.55,40041,TCP,565,ACK,True
2023-11-07T01:39:40.357814,111.117.174.67,242.22.32.75,59386,UDP,206,SYN,False
2023-11-07T01:39:40.357834,248.193.35.210,184.240.0.69,28577,TCP,1394,FIN,False
2023-11-07T01:39:40.357849,254.141.159.3,175.126.126.181,17955,TCP,1195,RST,True
2023-11-07T01:39:40.357864,215.218.217.72,128.200.106.64,51300,UDP,176,SYN,True
2023-11-07T01:39:40.357879,180.57.89.219,57.102.144.86,26083,ICMP,1165,SYN,True
2023-11-07T01:39:40.357894,102.92.199.139,221.73.94.224,31227,ICMP,1201,ACK,False
2023-11-07T01:39:40.357909,22.50.165.25,110.217.60.6,6272,TCP,1301,ACK,True
2023-11-07T01:39:40.357923,63.28.79.55,164.5.127.242,21793,TCP,1214,FIN,False
2023-11-07T01:39:40.357938,116.81.123.238,51.188.220.235,12585,TCP,1043,FIN,True
2023-11-07T01:39:40.357952,236.169.183.4,24.86.133.56,45931,ICMP,733,ACK,False
2023-11-07T01:39:40.357967,173.28.226.195,31.78.99.224,6470,UDP,1082,SYN,True
2023-11-07T01:39:40.357982,238.73.197.24,210.185.122.209,58375,UDP,810,RST,False
2023-11-07T01:39:40.357996,157.71.11.136,51.168.100.238,52075,UDP,548,FIN,True
2023-11-07T01:39:40.358011,98.36.37.127,187.230.206.218,65346,ICMP,698,RST,True
2023-11-07T01:39:40.358026,80.179.229.229,42.102.152.255,11678,TCP,1030,SYN,True
2023-11-07T01:39:40.358042,157.20.131.118,32.185.162.37,61979,ICMP,387,SYN,True
2023-11-07T01:39:40.358057,75.104.55.200,45.16.135.23,22319,TCP,1092,SYN,True
2023-11-07T01:39:40.358072,33.29.168.14,245.141.8.37,58785,TCP,721,RST,True
2023-11-07T01:39:40.358087,50.55.217.80,163.255.122.131,14550,TCP,590,SYN,False
2023-11-07T01:39:40.358101,140.33.184.151,37.59.238.20,3358,ICMP,616,ACK,False
2023-11-07T01:39:40.358119,109.211.30.154,66.211.80.231,22000,TCP,1035,SYN,True
2023-11-07T01:39:40.358133,141.109.76.248,148.19.196.4,59656,UDP,130,RST,False
2023-11-07T01:39:40.358151,69.65.132.204,20.50.6.103,23907,UDP,481,SYN,True
2023-11-07T01:39:40.358166,217.131.150.67,42.98.21.102,3187,ICMP,1183,RST,True
2023-11-07T01:39:40.358180,175.169.197.123,24.63.44.107,12131,UDP,502,ACK,True
2023-11-07T01:39:40.358194,243.215.22.183,223.253.40.218,11146,TCP,528,FIN,True
2023-11-07T01:39:40.358209,118.241.212.133,7.72.63.16,26596,TCP,492,SYN,True
2023-11-07T01:39:40.358224,127.131.91.7,124.190.176.110,45985,UDP,982,SYN,True
2023-11-07T01:39:40.358238,74.213.129.141,13.122.92.169,36885,ICMP,928,RST,True
2023-11-07T01:39:40.358253,138.240.14.63,111.102.219.120,39198,UDP,335,RST,False
2023-11-07T01:39:40.358267,176.216.82.160,47.60.241.50,26648,UDP,351,SYN,False
2023-11-07T01:39:40.358282,186.52.75.170,49.63.141.232,47128,UDP,65,FIN,True
2023-11-07T01:39:40.358297,214.108.235.246,161.24.42.45,28193,UDP,125,ACK,True
2023-11-07T01:39:40.358311,225.238.245.217,117.197.81.183,32665,UDP,78,SYN,False
2023-11-07T01:39:40.358326,204.105.63.103,189.143.203.227,65313,ICMP,1225,SYN,False
2023-11-07T01:39:40.358341,112.124.0.197,164.61.82.142,52082,ICMP,673,ACK,True
2023-11-07T01:39:40.358356,249.212.94.224,23.53.114.174,31794,TCP,1005,SYN,False
2023-11-07T01:39:40.358370,119.245.113.157,155.39.151.119,46837,UDP,1157,SYN,False
2023-11-07T01:39:40.358384,208.80.109.156,90.206.224.167,9199,TCP,1472,RST,False
2023-11-07T01:39:40.358401,144.130.152.62,205.43.13.235,9418,UDP,1313,SYN,True
2023-11-07T01:39:40.358417,42.82.175.166,45.157.251.201,26470,UDP,1042,SYN,True
2023-11-07T01:39:40.358432,199.34.206.250,184.173.104.149,8632,UDP,740,ACK,False
2023-11-07T01:39:40.358447,14.153.34.116,166.155.104.52,7361,TCP,229,SYN,False
2023-11-07T01:39:40.358464,66.220.31.125,108.18.95.69,60714,UDP,103,ACK,False
2023-11-07T01:39:40.358479,205.46.103.167,224.141.6.38,36423,ICMP,1059,SYN,False
2023-11-07T01:39:40.358493,211.166.182.134,244.134.65.113,42093,UDP,348,RST,False
2023-11-07T01:39:40.358511,43.26.195.102,213.144.136.124,37241,TCP,860,SYN,True
2023-11-07T01:39:40.358526,84.194.74.30,142.177.138.28,1274,UDP,505,FIN,True
2023-11-07T01:39:40.358540,128.241.94.169,45.65.210.137,39057,ICMP,1253,SYN,False
2023-11-07T01:39:40.358555,145.195.86.122,240.200.76.199,26487,TCP,1195,ACK,True
2023-11-07T01:39:40.358570,77.200.247.170,14.243.94.62,50603,UDP,964,SYN,False
2023-11-07T01:39:40.358584,57.44.22.206,74.189.140.118,2158,UDP,457,FIN,False
2023-11-07T01:39:40.358599,186.35.187.174,101.120.5.40,31632,TCP,423,ACK,True
2023-11-07T01:39:40.358614,55.6.116.23,189.149.169.112,17717,ICMP,94,SYN,True
2023-11-07T01:39:40.358628,57.58.176.188,195.47.152.32,2319,ICMP,759,SYN,False
2023-11-07T01:39:40.358643,167.222.161.59,104.222.218.47,36255,TCP,465,ACK,True
2023-11-07T01:39:40.358657,102.22.202.87,249.115.188.100,17028,TCP,776,RST,False
2023-11-07T01:39:40.358671,148.4.91.73,166.238.222.195,43115,UDP,637,SYN,True
2023-11-07T01:39:40.358685,109.51.243.105,95.9.226.77,49334,UDP,1111,ACK,False
2023-11-07T01:39:40.358704,62.189.69.120,29.235.166.124,21699,UDP,149,SYN,False
2023-11-07T01:39:40.358718,58.197.159.59,95.42.11.160,4054,ICMP,79,ACK,False
2023-11-07T01:39:40.358733,100.223.123.226,148.38.175.235,30538,ICMP,628,SYN,True
2023-11-07T01:39:40.358747,35.117.63.144,141.38.6.104,35840,UDP,738,SYN,False
2023-11-07T01:39:40.358762,52.187.154.169,32.212.191.67,33028,ICMP,1280,ACK,False
2023-11-07T01:39:40.358777,49.42.243.3,21.211.174.64,1557,ICMP,1041,SYN,True
2023-11-07T01:39:40.358795,203.74.86.30,131.242.60.136,22396,ICMP,1053,SYN,True
2023-11-07T01:39:40.358810,8.219.25.39,239.131.139.132,60589,ICMP,1055,SYN,False
2023-11-07T01:39:40.358827,31.191.44.235,240.184.120.163,32630,ICMP,805,ACK,True
2023-11-07T01:39:40.358843,52.60.77.218,100.151.26.157,39506,ICMP,389,SYN,False
2023-11-07T01:39:40.358857,8.210.106.211,157.16.167.193,44539,ICMP,1454,RST,False
2023-11-07T01:39:40.358872,203.2.192.12,16.186.205.64,3948,UDP,1286,FIN,False
2023-11-07T01:39:40.358887,160.98.146.29,173.244.254.79,38325,UDP,508,FIN,False
2023-11-07T01:39:40.358902,43.81.242.107,179.230.21.103,40287,UDP,1029,ACK,False
2023-11-07T01:39:40.358917,1.190.209.161,147.188.9.80,64062,ICMP,472,FIN,False
2023-11-07T01:39:40.358931,189.214.218.40,115.191.65.143,45992,UDP,133,ACK,False
2023-11-07T01:39:40.358946,225.81.20.218,164.115.49.177,13602,UDP,1317,FIN,False
2023-11-07T01:39:40.358961,27.111.164.130,243.242.126.30,25934,ICMP,827,SYN,True
2023-11-07T01:39:40.358975,191.48.60.52,61.10.153.173,15869,ICMP,587,ACK,True
2023-11-07T01:39:40.358992,68.104.100.184,232.175.51.148,55871,ICMP,464,RST,True
2023-11-07T01:39:40.359007,67.21.65.8,102.175.131.140,7329,TCP,1358,RST,True
2023-11-07T01:39:40.359022,70.79.136.28,119.96.22.238,19845,ICMP,183,FIN,True
2023-11-07T01:39:40.359036,25.123.48.132,255.111.168.22,12834,TCP,1429,FIN,False
2023-11-07T01:39:40.359051,236.13.149.8,21.157.125.186,3459,TCP,1201,ACK,False
2023-11-07T01:39:40.359065,70.194.115.233,237.12.192.210,32638,UDP,991,FIN,False
2023-11-07T01:39:40.359080,225.198.213.27,190.224.87.103,61705,ICMP,1203,RST,True
2023-11-07T01:39:40.359095,53.176.32.64,55.103.100.19,55478,TCP,1389,SYN,True
2023-11-07T01:39:40.359112,157.152.214.33,107.15.254.129,47733,TCP,412,RST,True
2023-11-07T01:39:40.359127,155.28.101.123,126.175.77.169,17323,TCP,1067,ACK,False
2023-11-07T01:39:40.359141,181.106.85.138,141.236.140.99,58438,TCP,848,RST,False
2023-11-07T01:39:40.359156,245.66.159.122,108.180.248.51,15145,UDP,1251,SYN,True
2023-11-07T01:39:40.359170,191.144.224.227,24.17.117.115,28856,UDP,617,RST,False
2023-11-07T01:39:40.359184,223.88.142.61,60.164.201.2,62194,UDP,1394,RST,False
2023-11-07T01:39:40.359199,167.59.24.154,233.92.127.172,64087,TCP,229,FIN,False
2023-11-07T01:39:40.359214,129.137.204.19,89.242.184.70,51584,UDP,283,FIN,True
2023-11-07T01:39:40.359229,171.57.161.103,59.75.18.185,38951,TCP,326,ACK,True
2023-11-07T01:39:40.359244,44.135.161.10,98.195.159.165,44145,TCP,1157,SYN,True
2023-11-07T01:39:40.359258,243.14.186.0,253.206.217.4,36632,UDP,669,SYN,True
2023-11-07T01:39:40.359273,228.54.80.234,227.224.56.239,39208,UDP,959,RST,True
2023-11-07T01:39:40.359292,43.22.6.138,152.58.92.147,3957,TCP,1358,ACK,False
2023-11-07T01:39:40.359308,49.179.14.50,223.221.38.116,53259,UDP,1454,FIN,False
2023-11-07T01:39:40.359323,216.152.59.152,58.119.245.7,48114,UDP,1395,ACK,True
2023-11-07T01:39:40.359337,179.217.62.51,123.37.174.234,47089,ICMP,739,ACK,False
2023-11-07T01:39:40.359352,80.60.128.251,4.7.254.88,24100,UDP,1224,FIN,True
2023-11-07T01:39:40.359368,43.237.172.186,178.52.205.86,38765,TCP,769,RST,True
2023-11-07T01:39:40.359382,15.122.251.2,140.58.54.129,33418,ICMP,514,ACK,False
2023-11-07T01:39:40.359396,253.226.61.48,187.86.206.146,14839,TCP,1350,FIN,False
2023-11-07T01:39:40.359411,38.189.55.61,104.90.109.59,15366,ICMP,505,FIN,True
2023-11-07T01:39:40.359427,94.16.61.125,133.234.248.168,63210,TCP,1485,FIN,True
2023-11-07T01:39:40.359442,73.171.48.223,170.245.53.157,24482,ICMP,1238,SYN,True
2023-11-07T01:39:40.359456,81.205.137.24,247.173.156.77,11873,ICMP,499,ACK,False
2023-11-07T01:39:40.359471,113.84.138.188,185.220.226.20,31510,TCP,279,ACK,False
2023-11-07T01:39:40.359485,7.53.131.1,66.162.17.0,30856,UDP,1145,ACK,True
2023-11-07T01:39:40.359499,150.226.52.234,0.215.203.195,2101,TCP,1026,RST,False
2023-11-07T01:39:40.359514,238.41.232.30,115.102.203.95,62750,TCP,134,FIN,True
2023-11-07T01:39:40.359529,112.176.160.160,93.196.248.207,5785,UDP,1302,ACK,False
2023-11-07T01:39:40.359544,92.246.51.79,222.97.249.143,3270,UDP,482,FIN,True
2023-11-07T01:39:40.359559,100.7.117.14,248.221.120.139,36463,TCP,1333,ACK,True
2023-11-07T01:39:40.359577,129.232.130.132,238.50.176.57,9371,UDP,817,FIN,True
2023-11-07T01:39:40.359592,123.145.135.68,106.80.130.166,32921,ICMP,448,SYN,True
2023-11-07T01:39:40.359607,157.179.29.60,1.48.195.242,7322,TCP,1212,RST,False
2023-11-07T01:39:40.359622,224.36.247.6,150.9.199.75,64743,ICMP,1023,FIN,True
2023-11-07T01:39:40.359636,49.183.178.209,185.242.44.126,8049,TCP,881,FIN,False
2023-11-07T01:39:40.359651,153.8.218.147,149.115.203.113,10361,TCP,932,FIN,True
2023-11-07T01:39:40.359665,152.236.175.189,115.92.220.49,62706,UDP,373,SYN,False
2023-11-07T01:39:40.359679,250.25.176.151,129.103.140.154,48564,ICMP,554,RST,True
2023-11-07T01:39:40.359694,231.16.68.223,12.3.222.115,31256,UDP,1172,ACK,True
2023-11-07T01:39:40.359708,224.23.192.227,203.233.223.49,18339,ICMP,983,ACK,True
2023-11-07T01:39:40.359722,216.37.148.53,217.195.142.169,65142,ICMP,533,FIN,True
2023-11-07T01:39:40.359741,222.95.49.126,65.71.42.63,40628,ICMP,1476,FIN,True
2023-11-07T01:39:40.359756,76.211.166.190,192.105.158.231,32047,UDP,851,FIN,False
2023-11-07T01:39:40.359770,244.176.95.210,229.230.89.14,22935,TCP,934,ACK,False
2023-11-07T01:39:40.359785,77.212.126.92,186.150.71.2,60958,UDP,272,SYN,True
2023-11-07T01:39:40.359799,227.91.136.97,128.218.251.203,55403,TCP,699,FIN,True
2023-11-07T01:39:40.359816,149.218.50.59,127.50.128.34,39233,UDP,670,ACK,False
2023-11-07T01:39:40.359831,89.87.58.77,156.25.125.18,12570,TCP,82,RST,False
2023-11-07T01:39:40.359846,170.100.29.140,250.242.42.85,36352,TCP,215,ACK,False
2023-11-07T01:39:40.359860,121.36.228.218,138.163.178.233,47804,TCP,264,SYN,True
2023-11-07T01:39:40.359877,65.149.41.248,202.130.130.125,50043,TCP,1077,FIN,True
2023-11-07T01:39:40.359892,81.87.54.15,234.72.101.47,28392,TCP,900,FIN,False
2023-11-07T01:39:40.359906,255.184.24.100,198.214.176.61,10051,UDP,965,ACK,False
2023-11-07T01:39:40.359921,194.92.213.233,42.8.173.166,49218,ICMP,865,SYN,True
2023-11-07T01:39:40.359936,24.120.85.186,237.240.175.46,51545,UDP,163,ACK,False
2023-11-07T01:39:40.359950,7.160.107.204,112.179.133.162,13882,UDP,448,RST,True
2023-11-07T01:39:40.359965,82.72.254.30,111.243.250.72,64711,TCP,1367,RST,True
2023-11-07T01:39:40.359979,149.138.253.230,196.29.10.208,30728,ICMP,120,SYN,True
2023-11-07T01:39:40.359994,173.160.147.142,26.153.41.244,22370,TCP,1209,SYN,False
2023-11-07T01:39:40.360008,125.138.64.140,14.253.116.162,14547,ICMP,796,FIN,True
2023-11-07T01:39:40.360023,215.77.223.32,0.213.1.34,46004,TCP,1076,SYN,True
2023-11-07T01:39:40.360042,47.102.116.200,160.117.144.171,39683,UDP,1423,FIN,False
2023-11-07T01:39:40.360057,203.183.121.71,106.153.184.145,35090,TCP,1179,FIN,False
2023-11-07T01:39:40.360075,81.171.49.22,128.85.128.159,58926,TCP,1234,ACK,False
2023-11-07T01:39:40.360089,165.130.28.36,249.234.216.19,29135,ICMP,283,FIN,True
2023-11-07T01:39:40.360105,148.9.136.210,145.104.88.19,46542,ICMP,546,SYN,False
2023-11-07T01:39:40.360119,55.179.29.241,72.45.59.102,59065,UDP,242,RST,False
2023-11-07T01:39:40.360134,122.36.99.104,91.158.89.196,14355,UDP,756,ACK,False
2023-11-07T01:39:40.360148,63.92.161.118,104.3.22.79,6103,UDP,170,SYN,False
2023-11-07T01:39:40.360165,203.208.213.25,129.140.140.237,10991,UDP,845,FIN,True
2023-11-07T01:39:40.360179,56.12.232.214,82.208.181.104,7393,UDP,776,SYN,False
2023-11-07T01:39:40.360194,30.245.140.60,26.168.101.190,32426,TCP,791,FIN,False
2023-11-07T01:39:40.360209,0.160.177.185,252.206.74.41,14244,UDP,1451,RST,True
2023-11-07T01:39:40.360223,39.93.143.78,231.223.216.155,28449,ICMP,1118,SYN,False
2023-11-07T01:39:40.360238,182.167.32.167,52.228.195.154,21679,TCP,633,RST,False
2023-11-07T01:39:40.360252,200.150.211.226,215.4.247.90,10101,ICMP,1493,FIN,False
2023-11-07T01:39:40.360266,76.225.240.188,67.128.144.236,7351,TCP,1445,SYN,False
2023-11-07T01:39:40.360281,192.219.147.87,116.176.130.88,8074,TCP,1293,SYN,False
2023-11-07T01:39:40.360295,183.83.176.244,71.63.44.78,51631,UDP,623,FIN,False
2023-11-07T01:39:40.360310,69.38.122.165,62.209.40.119,17584,UDP,758,FIN,True
2023-11-07T01:39:40.360324,59.49.227.190,251.224.41.251,2342,TCP,138,ACK,True
2023-11-07T01:39:40.360339,29.1.135.70,235.181.188.53,25989,TCP,532,FIN,True
2023-11-07T01:39:40.360353,92.108.123.208,113.249.236.216,5703,TCP,1300,RST,True
2023-11-07T01:39:40.360368,165.50.7.154,146.97.78.227,44149,TCP,841,SYN,False
2023-11-07T01:39:40.360385,211.162.103.119,0.208.11.199,44109,ICMP,1299,ACK,False
2023-11-07T01:39:40.360400,109.105.128.240,54.208.43.69,18155,TCP,1403,ACK,False
2023-11-07T01:39:40.360415,12.29.184.78,200.240.74.47,18800,UDP,1015,RST,True
2023-11-07T01:39:40.360429,201.248.183.231,138.10.166.15,43027,TCP,181,ACK,False
2023-11-07T01:39:40.360444,123.49.122.131,56.137.222.144,57811,UDP,184,SYN,False
2023-11-07T01:39:40.360461,140.24.31.92,90.228.38.57,48747,TCP,676,SYN,True
2023-11-07T01:39:40.360476,79.192.76.109,103.238.212.203,22439,TCP,437,ACK,False
2023-11-07T01:39:40.360509,235.17.238.96,175.196.92.224,36140,UDP,855,FIN,True
2023-11-07T01:39:40.360532,93.56.126.72,32.18.96.93,4304,TCP,1142,RST,True
2023-11-07T01:39:40.360547,223.212.231.25,121.63.56.230,53929,TCP,1379,ACK,True
2023-11-07T01:39:40.360561,73.101.19.5,117.21.210.117,21127,ICMP,1144,ACK,False
2023-11-07T01:39:40.360588,85.232.97.186,44.227.119.12,8377,TCP,622,RST,True
2023-11-07T01:39:40.360603,116.247.116.28,111.177.183.151,64055,TCP,665,FIN,False
2023-11-07T01:39:40.360617,78.22.163.201,109.67.234.202,16303,UDP,411,FIN,False
2023-11-07T01:39:40.360632,181.84.0.50,9.94.250.164,52328,ICMP,734,RST,False
2023-11-07T01:39:40.360647,24.218.14.85,215.82.47.139,60355,UDP,1030,RST,False
2023-11-07T01:39:40.360661,210.19.8.8,253.1.37.126,4706,ICMP,1334,ACK,False
2023-11-07T01:39:40.360676,25.205.47.117,201.207.116.34,4206,TCP,648,FIN,True
2023-11-07T01:39:40.360690,98.106.0.75,2.88.16.6,55075,ICMP,457,FIN,False
2023-11-07T01:39:40.360705,14.106.2.225,219.76.222.83,46418,UDP,215,FIN,True
2023-11-07T01:39:40.360720,227.133.193.1,102.18.244.93,64910,UDP,329,SYN,False
2023-11-07T01:39:40.360737,2.246.176.94,228.106.23.31,3089,ICMP,869,RST,False
2023-11-07T01:39:40.360752,246.174.136.229,5.161.37.65,1944,UDP,1031,RST,False
2023-11-07T01:39:40.360767,150.204.33.226,68.40.146.86,58736,ICMP,213,ACK,True
2023-11-07T01:39:40.360783,137.95.147.91,48.42.60.20,9212,ICMP,616,RST,False
2023-11-07T01:39:40.360798,146.178.114.62,152.100.1.45,55724,ICMP,707,RST,False
2023-11-07T01:39:40.360812,49.131.116.146,190.35.16.119,60362,UDP,119,ACK,True
2023-11-07T01:39:40.360828,148.177.27.100,133.106.154.203,28907,ICMP,271,RST,True
2023-11-07T01:39:40.360845,98.101.229.175,7.243.248.37,44376,TCP,116,SYN,True
2023-11-07T01:39:40.360859,197.93.150.209,58.230.142.36,48621,ICMP,804,RST,False
2023-11-07T01:39:40.360874,237.32.1.46,42.96.18.223,7302,UDP,1486,FIN,True
2023-11-07T01:39:40.360889,26.156.213.93,190.135.137.33,40295,TCP,1207,ACK,False
2023-11-07T01:39:40.360903,118.73.70.144,146.152.205.124,46236,UDP,1269,RST,False
2023-11-07T01:39:40.360920,60.188.20.216,155.132.52.38,10223,TCP,376,FIN,False
2023-11-07T01:39:40.360934,77.20.177.181,95.213.16.12,6307,ICMP,659,SYN,False
2023-11-07T01:39:40.360949,142.213.177.95,44.59.174.180,2225,ICMP,380,ACK,True
2023-11-07T01:39:40.360963,95.26.40.198,219.187.206.240,41086,TCP,661,RST,False
2023-11-07T01:39:40.360978,72.247.211.117,116.205.9.60,17951,TCP,205,SYN,True
2023-11-07T01:39:40.360993,132.142.78.240,48.15.241.203,40417,UDP,664,RST,True
2023-11-07T01:39:40.361007,65.144.140.204,252.130.116.221,50873,TCP,508,RST,False
2023-11-07T01:39:40.361022,205.162.227.102,101.131.13.170,54554,ICMP,1412,RST,False
2023-11-07T01:39:40.361036,223.51.174.53,217.51.33.134,36205,UDP,485,SYN,False
2023-11-07T01:39:40.361054,169.192.22.218,83.126.187.143,12952,UDP,1170,SYN,False
2023-11-07T01:39:40.361069,152.171.249.126,198.18.45.120,17240,UDP,1337,RST,True
2023-11-07T01:39:40.361085,29.122.59.192,129.62.24.91,48629,ICMP,1104,SYN,False
2023-11-07T01:39:40.361101,42.172.137.225,8.79.228.147,54806,UDP,721,ACK,False
2023-11-07T01:39:40.361115,134.14.149.9,239.53.33.43,4073,UDP,1158,RST,False
2023-11-07T01:39:40.361130,214.39.121.17,120.173.189.13,22391,UDP,1087,ACK,True
2023-11-07T01:39:40.361144,185.117.255.16,112.252.38.55,7811,ICMP,698,RST,True
2023-11-07T01:39:40.361159,112.166.74.245,152.35.155.187,46478,ICMP,441,FIN,False
2023-11-07T01:39:40.361173,203.134.245.59,209.126.231.169,58280,TCP,743,RST,False
2023-11-07T01:39:40.361188,144.118.8.52,213.134.84.181,16629,ICMP,476,SYN,False
2023-11-07T01:39:40.361202,83.63.234.112,158.88.115.254,53039,ICMP,1466,RST,True
2023-11-07T01:39:40.361218,228.152.236.221,44.10.168.22,28487,TCP,607,SYN,True
2023-11-07T01:39:40.361232,48.65.235.144,189.191.59.144,53637,ICMP,1075,RST,False
2023-11-07T01:39:40.361247,159.110.164.204,31.210.76.139,20868,TCP,451,SYN,False
2023-11-07T01:39:40.361262,59.100.29.179,7.196.144.252,23294,ICMP,194,SYN,False
2023-11-07T01:39:40.361277,60.201.41.90,32.232.52.126,31080,ICMP,949,RST,False
2023-11-07T01:39:40.361291,213.109.121.240,63.36.199.22,5913,TCP,667,ACK,True
2023-11-07T01:39:40.361306,156.231.155.40,171.111.84.163,63762,TCP,594,RST,False
2023-11-07T01:39:40.361321,215.92.131.236,252.104.20.14,36559,TCP,574,RST,False
2023-11-07T01:39:40.361336,59.187.133.74,211.190.224.200,46827,TCP,699,ACK,False
2023-11-07T01:39:40.361351,184.161.135.112,189.230.84.116,40567,TCP,449,FIN,True
2023-11-07T01:39:40.361380,241.120.209.137,220.104.245.214,36416,ICMP,1485,ACK,False
2023-11-07T01:39:40.361400,132.247.157.3,109.79.203.91,64745,TCP,163,FIN,True
2023-11-07T01:39:40.361415,41.143.106.39,48.166.205.39,32552,UDP,1198,FIN,True
2023-11-07T01:39:40.361430,128.192.118.156,211.76.102.169,10721,UDP,775,FIN,True
2023-11-07T01:39:40.361445,18.27.167.164,200.9.228.165,13320,UDP,803,ACK,True
2023-11-07T01:39:40.361460,171.166.254.44,67.114.130.142,34138,TCP,620,SYN,False
2023-11-07T01:39:40.361474,164.101.67.243,183.9.141.125,1026,ICMP,286,RST,False
2023-11-07T01:39:40.361489,98.146.245.0,43.173.41.208,60934,UDP,161,RST,True
2023-11-07T01:39:40.361503,255.112.128.231,145.31.125.235,4005,UDP,80,FIN,False
2023-11-07T01:39:40.361518,232.182.62.206,221.228.225.105,58616,TCP,1149,FIN,False
2023-11-07T01:39:40.361532,9.88.236.172,129.180.232.215,52948,UDP,701,FIN,True
2023-11-07T01:39:40.361547,187.174.38.45,147.247.159.220,45408,TCP,97,SYN,False
2023-11-07T01:39:40.361562,235.41.121.85,236.8.247.69,18447,UDP,964,FIN,False
2023-11-07T01:39:40.361576,27.207.18.53,93.114.57.63,21741,TCP,461,ACK,False
2023-11-07T01:39:40.361591,19.152.218.237,123.247.255.195,17037,ICMP,755,ACK,True
2023-11-07T01:39:40.361605,249.98.250.42,74.28.62.225,50519,UDP,348,SYN,False
2023-11-07T01:39:40.361624,34.204.100.253,235.145.72.232,35802,ICMP,957,SYN,True
2023-11-07T01:39:40.361638,41.100.38.51,144.255.25.245,19570,UDP,171,RST,False
2023-11-07T01:39:40.361654,108.229.136.231,231.149.143.110,6353,UDP,698,ACK,False
2023-11-07T01:39:40.361669,157.224.76.186,135.131.149.200,3051,ICMP,1288,SYN,True
2023-11-07T01:39:40.361686,159.127.140.70,186.14.184.235,39465,UDP,430,RST,False
2023-11-07T01:39:40.361701,60.237.242.19,119.212.202.228,6653,ICMP,1158,RST,True
2023-11-07T01:39:40.361718,140.156.191.101,74.66.136.142,4805,ICMP,180,SYN,True
2023-11-07T01:39:40.361733,104.151.85.27,47.29.126.108,3346,TCP,325,ACK,True
2023-11-07T01:39:40.361747,107.224.168.52,108.74.108.23,1280,TCP,64,ACK,True
2023-11-07T01:39:40.361763,107.158.239.148,13.158.165.160,1560,UDP,1402,ACK,True
2023-11-07T01:39:40.361780,74.1.137.90,141.235.64.40,55495,ICMP,1449,RST,True
2023-11-07T01:39:40.361795,75.29.96.55,187.77.255.96,60194,UDP,420,SYN,True
2023-11-07T01:39:40.361809,184.227.14.4,153.107.38.132,49661,ICMP,965,SYN,False
2023-11-07T01:39:40.361823,47.36.43.189,45.219.228.227,42331,TCP,251,SYN,True
2023-11-07T01:39:40.361838,137.81.109.223,208.83.197.91,18500,TCP,1038,SYN,True
2023-11-07T01:39:40.361852,20.48.147.110,221.112.131.89,58656,UDP,1459,ACK,True
2023-11-07T01:39:40.361866,139.47.209.234,61.18.135.29,51122,ICMP,1179,RST,True
2023-11-07T01:39:40.361881,33.70.92.175,75.243.12.228,60922,ICMP,715,ACK,False
2023-11-07T01:39:40.361895,92.194.36.158,11.8.110.158,16999,ICMP,125,ACK,False
2023-11-07T01:39:40.361909,189.32.120.75,244.6.128.216,16318,TCP,306,SYN,True
2023-11-07T01:39:40.361924,60.6.251.17,106.194.173.103,54619,ICMP,1346,SYN,False
2023-11-07T01:39:40.361938,47.233.105.142,185.59.197.230,36310,UDP,1253,ACK,False
2023-11-07T01:39:40.361953,108.231.68.219,109.0.212.10,44039,UDP,1163,RST,True
2023-11-07T01:39:40.361973,224.45.42.249,212.51.84.1,10367,UDP,1384,RST,False
2023-11-07T01:39:40.361988,222.132.0.52,213.225.122.90,61907,TCP,994,ACK,True
2023-11-07T01:39:40.362002,203.206.116.70,164.51.82.217,49345,UDP,1255,ACK,False
2023-11-07T01:39:40.362017,4.98.170.195,46.136.125.141,59790,ICMP,374,SYN,True
2023-11-07T01:39:40.362034,33.167.164.47,116.222.22.120,41399,TCP,285,RST,True
2023-11-07T01:39:40.362049,250.12.9.194,123.19.148.155,63428,ICMP,353,RST,True
2023-11-07T01:39:40.362065,73.173.31.187,247.46.169.89,28603,UDP,998,SYN,False
2023-11-07T01:39:40.362080,210.1.122.126,147.63.234.105,47225,TCP,274,ACK,False
2023-11-07T01:39:40.362094,179.162.75.98,50.12.140.6,27550,ICMP,772,SYN,True
2023-11-07T01:39:40.362108,131.162.197.17,136.255.176.164,23286,UDP,692,FIN,False
2023-11-07T01:39:40.362123,96.2.124.146,186.175.202.160,20219,ICMP,1412,FIN,True
2023-11-07T01:39:40.362138,32.206.30.28,32.223.192.21,52921,ICMP,435,RST,False
2023-11-07T01:39:40.362153,240.116.218.117,203.93.8.70,29817,ICMP,563,FIN,True
2023-11-07T01:39:40.362168,83.115.56.196,79.110.251.154,61770,TCP,68,SYN,True
